province,pair,px_gt0_base,lost,lost_rate,new,new_rate,net_rate,lit_base,lit_cmp,lit_rate
北京市,2021->2022,14255,36,0.002525429673798667,936,0.06566117151876534,0.06313574184496668,10341,10537,0.018953679528092016
天津市,2021->2022,17334,3,0.00017307026652821047,380,0.021922233760239992,0.02174916349371178,10214,10299,0.00832191110240843
河北省,2021->2022,128975,936,0.00725722039154875,10821,0.08389998061639853,0.07664276022484978,38939,41174,0.057397467834304994
山西省,2021->2022,56442,1115,0.019754792530385173,9453,0.16748166259168704,0.14772687006130186,16932,18423,0.08805811481218995
内蒙古自治区,2021->2022,49351,1719,0.03483212092966708,11626,0.2355777998419485,0.2007456789122814,12680,13968,0.10157728706624614
辽宁省,2021->2022,66220,885,0.013364542434309876,11426,0.17254605859257022,0.15918151615826034,17812,18371,0.031383337076128504
吉林省,2021->2022,30779,1516,0.0492543617401475,7394,0.24022872737905715,0.19097436563890965,8436,8337,-0.011735419630156452
黑龙江省,2021->2022,30781,2239,0.07273967707351937,5390,0.17510802118189792,0.10236834410837854,9179,8949,-0.02505719577296006
上海市,2021->2022,10557,45,0.004262574595055414,27,0.0025575447570332483,-0.0017050298380221654,8612,8738,0.014630747793776155
江苏省,2021->2022,126209,1586,0.012566457225712905,2286,0.018112812873883798,0.005546355648170891,57726,59100,0.023802099573848823
浙江省,2021->2022,81598,983,0.012046863893722885,3174,0.038898012206181526,0.026851148312458637,45854,47892,0.044445413704365944
安徽省,2021->2022,95697,2027,0.021181437244636718,9110,0.09519629664461791,0.07401485939998119,24651,25615,0.03910591862399082
福建省,2021->2022,53714,1379,0.025673008898983506,3690,0.06869717392113787,0.04302416502215437,24670,25346,0.027401702472638734
江西省,2021->2022,38601,1359,0.03520634180461646,6297,0.1631304888474392,0.12792414704282273,12230,12788,0.045625511038430044
山东省,2021->2022,181890,940,0.00516795865633075,10590,0.05822200230908791,0.05305404365275716,58613,59955,0.022895944585672012
河南省,2021->2022,127305,1025,0.008051529790660225,14384,0.11298849220376261,0.1049369624131024,33892,35734,0.054349108934261814
湖北省,2021->2022,52885,1541,0.029138697173111468,7676,0.1451451262172639,0.11600642904415241,17573,18994,0.08086268707676547
湖南省,2021->2022,47946,2777,0.05791932590831352,5422,0.11308555458223835,0.05516622867392483,13780,14161,0.02764876632801161
广东省,2021->2022,118056,2622,0.022209798739581215,5943,0.050340516365114864,0.028130717625533645,58006,58717,0.012257352687653045
广西壮族自治区,2021->2022,66071,3538,0.05354845544944075,8153,0.12339755717334383,0.06984910172390307,16025,16554,0.033010920436817415
海南省,2021->2022,18075,597,0.03302904564315353,1860,0.10290456431535269,0.06987551867219917,6119,6070,-0.008007844419022692
重庆市,2021->2022,27657,488,0.01764471923925227,5582,0.20182955490472576,0.18418483566547347,9148,10042,0.0977262789680804
四川省,2021->2022,74471,877,0.01177639618106377,27000,0.3625572370452928,0.350780840864229,23637,27864,0.17882980073613397
贵州省,2021->2022,41730,1948,0.04668104481188593,8955,0.2145938173975557,0.16791277258566978,11137,11465,0.029451378288587682
云南省,2021->2022,46914,3190,0.06799676002898922,7391,0.15754359039945431,0.08954683037046511,13322,13839,0.03880798678877051
西藏自治区,2021->2022,8237,1535,0.18635425518999635,3927,0.47675124438509164,0.2903969891950953,1605,1814,0.13021806853582563
陕西省,2021->2022,54230,942,0.017370459155449013,12834,0.2366586760095888,0.21928821685413977,16333,18199,0.11424722953529654
甘肃省,2021->2022,32687,1126,0.03444794566647291,10465,0.32015786092330284,0.2857099152568299,7608,8586,0.12854889589905372
青海省,2021->2022,10229,778,0.07605826571512367,2614,0.2555479519014566,0.179489686186333,2709,2903,0.07161314138058317
宁夏回族自治区,2021->2022,16291,166,0.010189675280829907,4499,0.2761647535449021,0.2659750782640722,4892,5573,0.13920686835650042
新疆维吾尔自治区,2021->2022,88181,11251,0.12758984361710574,17032,0.1931481838491285,0.06555834023202277,19842,20407,0.028474952121761987
台湾省,2021->2022,27387,287,0.010479424544491913,340,0.012414649286157667,0.001935224741665754,19569,19450,-0.006081046553221947
香港特别行政区,2021->2022,1560,0,0.0,0,0.0,0.0,1341,1326,-0.01118568232662187
澳门特别行政区,2021->2022,56,0,0.0,0,0.0,0.0,56,56,0.0
北京市,2022->2023,15155,199,0.013130979874628836,252,0.016628175519630486,0.0034971956450016496,10537,10671,0.012717092151466325
天津市,2022->2023,17711,3,0.0001693862571283383,178,0.010050251256281407,0.009880864999153069,10299,10681,0.03709097970676756
河北省,2022->2023,138860,1373,0.009887656632579577,5959,0.04291372605501945,0.033026069422439866,41174,44527,0.08143488609316551
山西省,2022->2023,64780,2859,0.04413399197283112,4772,0.0736647113306576,0.02953071935782649,18423,19511,0.05905661401508988
内蒙古自治区,2022->2023,59258,2798,0.04721725336663404,8435,0.14234364980255831,0.09512639643592426,13968,15281,0.09400057273768625
辽宁省,2022->2023,76761,1296,0.016883573689764335,10768,0.14027956905199254,0.12339599536222821,18371,19864,0.08126939197648464
吉林省,2022->2023,36657,1736,0.04735793982049813,7871,0.2147202444280765,0.16736230460757837,8337,9108,0.09247930910399416
黑龙江省,2022->2023,33932,1130,0.03330189791347401,10139,0.2988034893316044,0.2655015914181304,8949,10066,0.12481841546541506
上海市,2022->2023,10539,27,0.0025619128949615714,92,0.008729480975424614,0.006167568080463042,8738,8838,0.011444266422522276
江苏省,2022->2023,126909,148,0.0011661899471274693,5304,0.041793726213270925,0.04062753626614346,59100,62048,0.04988155668358707
浙江省,2022->2023,83789,730,0.008712360811084988,3883,0.04634259867046987,0.03763023785938489,47892,50876,0.06230685709513062
安徽省,2022->2023,102780,805,0.007832263086203542,11698,0.11381591749367581,0.10598365440747227,25615,28016,0.09373414015225445
福建省,2022->2023,56025,1540,0.02748772869254797,3476,0.06204373047746542,0.034556001784917446,25346,26058,0.02809121754912014
江西省,2022->2023,43539,1561,0.035852913479868624,6792,0.15599807069523874,0.12014515721537013,12788,14157,0.10705348764466693
山东省,2022->2023,191540,1029,0.005372246006056176,7108,0.037109742090424974,0.0317374960843688,59955,63164,0.0535234759402885
河南省,2022->2023,140664,2823,0.020069100836034807,6704,0.04765967127338907,0.027590570437354262,35734,37165,0.04004589466614439
湖北省,2022->2023,59020,2181,0.036953575059301934,6905,0.11699423924093527,0.08004066418163334,18994,19907,0.048067810887648665
湖南省,2022->2023,50591,1761,0.03480856278784764,8115,0.16040402443122295,0.12559546164337532,14161,14832,0.047383659346091456
广东省,2022->2023,121377,2507,0.02065465450620793,6200,0.05108051772576353,0.0304258632195556,58717,60047,0.02265102099902916
广西壮族自治区,2022->2023,70686,4002,0.056616586028350735,8087,0.11440737911326147,0.05779079308491073,16554,17763,0.0730337078651686
海南省,2022->2023,19338,543,0.028079429103319887,2060,0.10652601096287104,0.07844658185955114,6070,6635,0.09308072487644159
重庆市,2022->2023,32751,2139,0.06531098287075204,2035,0.06213550731275381,-0.003175475557998229,10042,10113,0.0070703047201752245
四川省,2022->2023,100594,8527,0.08476648706682308,6725,0.06685289381076406,-0.01791359325605901,27864,28296,0.015503875968992276
贵州省,2022->2023,48737,5159,0.10585386872396742,4487,0.09206557646141535,-0.013788292262552066,11465,11522,0.004971652856519793
云南省,2022->2023,51115,2853,0.05581531839968698,8010,0.15670546806221267,0.10089014966252567,13839,14837,0.0721150372136714
西藏自治区,2022->2023,10629,2073,0.19503245836861416,5608,0.5276131338790102,0.3325806755103961,1814,1937,0.06780595369349496
陕西省,2022->2023,66122,3910,0.059133117570551404,5528,0.08360303681074378,0.024469919240192373,18199,18631,0.02373756799824167
甘肃省,2022->2023,42026,3748,0.08918288678437158,5530,0.13158520915623662,0.04240232237186504,8586,8841,0.029699510831586284
青海省,2022->2023,12065,1307,0.10832987981765438,2072,0.17173642768338168,0.06340654786572732,2903,2936,0.011367550809507465
宁夏回族自治区,2022->2023,20624,728,0.03529868114817688,1931,0.09362878200155159,0.05833010085337471,5573,6031,0.08218194868114126
新疆维吾尔自治区,2022->2023,93962,8772,0.09335688895510952,23024,0.24503522700666228,0.15167833805155276,20407,21648,0.060812466310579794
台湾省,2022->2023,27440,46,0.0016763848396501458,1115,0.04063411078717201,0.038957725947521865,19450,19910,0.023650385604113033
香港特别行政区,2022->2023,1560,0,0.0,0,0.0,0.0,1326,1330,0.003016591251885359
澳门特别行政区,2022->2023,56,0,0.0,0,0.0,0.0,56,56,0.0
北京市,2023->2024,15208,388,0.025512887953708575,164,0.010783798001052078,-0.014729089952656496,10671,10645,-0.002436510167744377
天津市,2023->2024,17886,131,0.007324164150732416,8,0.00044727720004472774,-0.006876886950687689,10681,10667,-0.0013107386948787436
河北省,2023->2024,143446,3808,0.026546575017776724,2366,0.016494011683839214,-0.01005256333393751,44527,45117,0.013250387405394415
山西省,2023->2024,66693,3561,0.053393909405784715,3965,0.05945151665092289,0.006057607245138171,19511,20030,0.026600379273230557
内蒙古自治区,2023->2024,64895,6151,0.09478388165498113,4999,0.07703212882348409,-0.017751752831497034,15281,15897,0.04031149793861655
辽宁省,2023->2024,86233,6080,0.0705066505862025,3078,0.035693991859265015,-0.034812658726937486,19864,20033,0.008507853403141308
吉林省,2023->2024,42792,5741,0.1341605907646289,2604,0.060852495793606284,-0.07330809497102263,9108,8852,-0.028107158541941124
黑龙江省,2023->2024,42941,6519,0.1518129526559698,2580,0.06008243869495354,-0.09173051396101628,10066,10113,0.004669183389628406
上海市,2023->2024,10604,62,0.0058468502451904944,42,0.003960769520935496,-0.001886080724254998,8838,8792,-0.005204797465489963
江苏省,2023->2024,132065,1906,0.014432287131336841,897,0.006792109945859993,-0.007640177185476849,62048,62897,0.013682955131511187
浙江省,2023->2024,86942,881,0.010133192243104598,2892,0.03326355501368729,0.023130362770582686,50876,52108,0.02421574023115025
安徽省,2023->2024,113673,3996,0.03515346652239318,4020,0.03536459845345861,0.0002111319310654245,28016,29142,0.04019131924614516
福建省,2023->2024,57961,1922,0.03316022842946119,2876,0.04961957178102517,0.016459343351563984,26058,26505,0.017154040985494
江西省,2023->2024,48770,2987,0.06124666803362723,3897,0.07990567972114004,0.018659011687512814,14157,14697,0.03814367450731093
山东省,2023->2024,197619,3171,0.016046027962898304,3025,0.015307232604152435,-0.0007387953587458696,63164,64177,0.01603761636375145
河南省,2023->2024,144545,2566,0.01775225708256944,5356,0.03705420457297035,0.019301947490400914,37165,38743,0.04245930310776269
湖北省,2023->2024,63744,2935,0.046043549196787145,5216,0.0818273092369478,0.03578376004016064,19907,21237,0.06681066961370363
湖南省,2023->2024,56945,4261,0.07482658705768724,4448,0.07811045745895162,0.003283870401264378,14832,15126,0.019822006472491882
广东省,2023->2024,125070,3086,0.02467418245782362,5294,0.04232829615415368,0.017654113696330055,60047,61175,0.01878528486019282
广西壮族自治区,2023->2024,74771,4574,0.06117344959944363,7313,0.0978052988458092,0.03663184924636557,17763,18295,0.02994989585092611
海南省,2023->2024,20855,727,0.03485974586430113,1588,0.07614480939822585,0.04128506353392472,6635,7009,0.05636774679728718
重庆市,2023->2024,32647,2407,0.07372806077128066,1984,0.06077128066897418,-0.01295678010230649,10113,10184,0.007020666468901426
四川省,2023->2024,98792,7311,0.07400396793262612,6483,0.06562272248765082,-0.008381245444975302,28296,29195,0.03177127509188571
贵州省,2023->2024,48065,5316,0.11060022885675648,3886,0.0808488505149277,-0.029751378341828772,11522,11913,0.03393508071515372
云南省,2023->2024,56272,5861,0.10415481944839351,4167,0.07405103781632073,-0.03010378163207279,14837,15462,0.04212441868302208
西藏自治区,2023->2024,14164,4660,0.3290031064670997,3946,0.27859361762214063,-0.05040948884495905,1937,2268,0.17088280846670112
陕西省,2023->2024,67740,4329,0.06390611160318867,5155,0.0760997933274284,0.01219368172423974,18631,18941,0.016638935108153063
甘肃省,2023->2024,43808,4950,0.11299306062819577,3366,0.07683528122717312,-0.03615777940102265,8841,9072,0.026128266033254244
青海省,2023->2024,12830,1865,0.14536243180046765,1408,0.10974279033515198,-0.03561964146531567,2936,3155,0.07459128065395104
宁夏回族自治区,2023->2024,21827,1489,0.06821826178586154,903,0.04137077931002886,-0.026847482475832685,6031,6016,-0.0024871497264135067
新疆维吾尔自治区,2023->2024,108214,20110,0.18583547415306706,13198,0.12196203818359916,-0.0638734359694679,21648,22671,0.04725609756097571
台湾省,2023->2024,28509,742,0.026026868708127256,78,0.0027359781121751026,-0.023290890595952154,19910,19766,-0.007232546459065792
香港特别行政区,2023->2024,1560,0,0.0,0,0.0,0.0,1330,1341,0.008270676691729317
澳门特别行政区,2023->2024,56,0,0.0,0,0.0,0.0,56,56,0.0
北京市,2024->2025,14984,408,0.027229044313934865,200,0.013347570742124934,-0.013881473571809931,10645,10659,0.0013151714419914473
天津市,2024->2025,17763,85,0.004785227720542701,43,0.002420762258627484,-0.002364465461915217,10667,10738,0.006656041998687634
河北省,2024->2025,142004,5608,0.03949184530013239,1624,0.01143629756908256,-0.02805554773104983,45117,45980,0.019128044861138838
山西省,2024->2025,67097,4884,0.0727901396485685,2360,0.035172958552543335,-0.03761718109602516,20030,20709,0.0338991512730904
内蒙古自治区,2024->2025,63743,8727,0.13690915080871624,3036,0.0476287592363083,-0.08928039157240795,15897,16140,0.015285903000566092
辽宁省,2024->2025,83231,12295,0.1477214018815105,826,0.00992418690151506,-0.13779721497999545,20033,19602,-0.021514501073229164
吉林省,2024->2025,39655,4508,0.11368049426301853,2711,0.06836464506367419,-0.045315849199344345,8852,8949,0.010957975598734793
黑龙江省,2024->2025,39002,4101,0.10514845392543973,4271,0.10950720475873033,0.0043587508332906,10113,10840,0.0718876693364976
上海市,2024->2025,10584,38,0.0035903250188964475,67,0.006330309901738473,0.0027399848828420256,8792,8904,0.01273885350318471
江苏省,2024->2025,131056,2343,0.017877853741911854,757,0.005776156757416676,-0.012101696984495178,62897,64571,0.02661494188912039
浙江省,2024->2025,88953,3960,0.0445178914707767,618,0.006947489123469697,-0.037570402347307005,52108,52321,0.004087664082290665
安徽省,2024->2025,113697,8426,0.07410925530137119,1371,0.012058365656085913,-0.062050889645285275,29142,29092,-0.0017157367373550336
福建省,2024->2025,58915,5180,0.08792327930068743,670,0.011372316048544513,-0.07655096325214292,26505,26550,0.001697792869269854
江西省,2024->2025,49680,6693,0.13472222222222222,1105,0.022242351046698874,-0.11247987117552335,14697,14925,0.015513370075525668
山东省,2024->2025,197473,9710,0.04917127911157475,742,0.0037574757055394916,-0.04541380340603526,64177,62586,-0.024790812908051185
河南省,2024->2025,147335,8755,0.059422404723928464,1386,0.009407133403468286,-0.05001527132046017,38743,38963,0.0056784451384765955
湖北省,2024->2025,66025,8866,0.13428246876183264,1208,0.018296099962135555,-0.11598636879969708,21237,21159,-0.0036728351462070874
湖南省,2024->2025,57132,8975,0.15709234754603374,1113,0.01948120142827137,-0.13761114611776237,15126,15079,-0.0031072325796641653
广东省,2024->2025,127278,10305,0.08096450289916561,962,0.007558258300727541,-0.07340624459843806,61175,61152,-0.00037597057621574503
广西壮族自治区,2024->2025,77510,12789,0.16499806476583667,1515,0.01954586504967101,-0.14545219971616566,18295,17719,-0.031484012025143504
海南省,2024->2025,21716,1458,0.06713943636028735,1131,0.05208141462516117,-0.015058021735126175,7009,6954,-0.00784705378798689
重庆市,2024->2025,32224,4077,0.12652060575968221,926,0.028736345580933464,-0.09778426017874876,10184,9929,-0.02503927729772193
四川省,2024->2025,97964,12476,0.1273529051488302,3314,0.03382875341962353,-0.09352415172920665,29195,28762,-0.01483130673060451
贵州省,2024->2025,46635,7993,0.17139487509381365,1853,0.039734105285729605,-0.13166076980808405,11913,11599,-0.02635776042978255
云南省,2024->2025,54578,7960,0.14584631170068527,2227,0.04080398695445051,-0.10504232474623475,15462,14955,-0.032790065968180016
西藏自治区,2024->2025,13450,4301,0.31977695167286246,1744,0.1296654275092937,-0.19011152416356877,2268,2442,0.07671957671957674
陕西省,2024->2025,68566,7599,0.11082752384563778,2590,0.03777382376104775,-0.07305370008459003,18941,18863,-0.0041180507892930596
甘肃省,2024->2025,42224,5865,0.13890204622963243,2412,0.05712391057218644,-0.081778135657446,9072,9028,-0.004850088183421475
青海省,2024->2025,12373,1875,0.15153964277054877,1137,0.09189363937606078,-0.059646003394488,3155,3205,0.015847860538827252
宁夏回族自治区,2024->2025,21241,2384,0.11223577044395273,531,0.024998823030930747,-0.08723694741302199,6016,5897,-0.01978058510638303
新疆维吾尔自治区,2024->2025,101302,16937,0.16719314524885984,9095,0.08978105071963041,-0.07741209452922944,22671,23996,0.058444709099730874
台湾省,2024->2025,27845,856,0.03074160531513737,66,0.0023702639612138625,-0.028371341353923506,19766,19577,-0.009561873924921582
香港特别行政区,2024->2025,1560,3,0.0019230769230769232,0,0.0,-0.0019230769230769232,1341,1327,-0.010439970171513768
澳门特别行政区,2024->2025,56,0,0.0,0,0.0,0.0,56,56,0.0
