province,base_year,cmp_year,px_A,px_B,px_C,ratio_A,ratio_B,ratio_C,dlog_A,dlog_B,dlog_C,px_AB,px_BC,ratio_AB,ratio_BC,dlog_AB,dlog_BC
上海市,2021,2022,8753,8761,8781,1.0098,1.0098,1.0098,0.0143,0.0144,0.0142,0.0009139723523363418,0.002282844424152494,0.0,0.0,9.99999999999994e-05,-0.0001999999999999988
上海市,2021,2023,8857,8865,8885,1.0304,1.0305,1.0305,0.0295,0.0296,0.0296,0.0009032403748447555,0.0022560631697687537,9.70496894409831e-05,0.0,0.00010000000000000286,0.0
上海市,2021,2024,8823,8831,8852,1.0225,1.0225,1.0226,0.0241,0.0241,0.0242,0.0009067210699308625,0.0023779866379798438,0.0,9.779951100243422e-05,0.0,9.99999999999994e-05
上海市,2021,2025,8925,8933,8955,1.0524,1.0524,1.0524,0.0412,0.0413,0.0415,0.000896358543417367,0.002462778461882906,0.0,0.0,0.00010000000000000286,0.0001999999999999988
上海市,2022,2023,8861,8869,8889,1.0204,1.0204,1.0204,0.0148,0.0148,0.015,0.000902832637399842,0.0022550456646747096,0.0,0.0,0.0,0.0001999999999999988
上海市,2022,2024,8851,8859,8880,1.0126,1.0126,1.0127,0.0092,0.0092,0.0095,0.0009038526720144617,0.0023704707077548256,0.0,9.875567845150008e-05,0.0,0.0002999999999999999
上海市,2022,2025,8941,8949,8971,1.0421,1.0421,1.0421,0.0264,0.0264,0.0268,0.0008947545017335869,0.002458375237456699,0.0,0.0,0.0,0.00040000000000000105
上海市,2023,2024,8883,8891,8911,0.9923,0.9923,0.9924,-0.0062,-0.0062,-0.0061,0.0009005966452774963,0.0022494657518839275,0.0,0.00010077597500754711,0.0,9.99999999999994e-05
上海市,2023,2025,8978,8986,9007,1.0213,1.0213,1.0213,0.0114,0.0114,0.0116,0.0008910670527957229,0.002336968617849989,0.0,0.0,0.0,0.0001999999999999988
上海市,2024,2025,8925,8933,8955,1.0291,1.0291,1.029,0.0168,0.0168,0.0169,0.000896358543417367,0.002462778461882906,0.0,-9.71722864638898e-05,0.0,9.99999999999994e-05
云南省,2021,2022,14720,14720,14727,1.0173,1.0173,1.0173,0.0294,0.0294,0.0295,0.0,0.0004755434782608696,0.0,0.0,0.0,9.99999999999994e-05
云南省,2021,2023,15729,15729,15740,1.0266,1.0266,1.0267,0.063,0.063,0.0633,0.0,0.0006993451586241973,0.0,9.740892265730468e-05,0.0,0.0002999999999999947
云南省,2021,2024,16471,16471,16478,1.071,1.071,1.0708,0.0976,0.0976,0.0974,0.0,0.00042498937526561835,0.0,-0.0001867413632119309,0.0,-0.00020000000000000573
云南省,2021,2025,16333,16333,16342,1.0442,1.0442,1.0439,0.0823,0.0823,0.082,0.0,0.0005510316537072186,0.0,-0.00028730128327903365,0.0,-0.0002999999999999947
云南省,2022,2023,15483,15483,15490,1.0085,1.0085,1.0086,0.0304,0.0304,0.0304,0.0,0.0004521087644513337,0.0,9.915716410509568e-05,0.0,0.0
云南省,2022,2024,16406,16406,16410,1.0523,1.0523,1.0522,0.0673,0.0673,0.0672,0.0,0.0002438132390588809,0.0,-9.502993442933477e-05,0.0,-0.00010000000000000286
云南省,2022,2025,16365,16365,16369,1.0262,1.0262,1.0259,0.0528,0.0528,0.0524,0.0,0.0002444240757714635,0.0,-0.0002923406743324566,0.0,-0.0003999999999999976
云南省,2023,2024,16274,16274,16283,1.0425,1.0425,1.0422,0.0318,0.0318,0.0316,0.0,0.0005530293720044242,0.0,-0.0002877697841726302,0.0,-0.0001999999999999988
云南省,2023,2025,16471,16471,16480,1.017,1.017,1.0166,0.0195,0.0195,0.0189,0.0,0.000546414911055795,0.0,-0.00039331366764990753,0.0,-0.0005999999999999998
云南省,2024,2025,16367,16367,16369,0.9762,0.9762,0.9761,-0.0086,-0.0086,-0.0087,0.0,0.00012219710392863688,0.0,-0.00010243802499486682,0.0,-9.99999999999994e-05
内蒙古自治区,2021,2022,14638,14638,14590,1.0662,1.0662,1.0661,0.0693,0.0693,0.0694,0.0,-0.003279136494056565,0.0,-9.379103357717969e-05,0.0,0.00010000000000000286
内蒙古自治区,2021,2023,16062,16062,16012,1.1955,1.1955,1.1957,0.1448,0.1448,0.1451,0.0,-0.003112937367700162,0.0,0.0001672940192387938,0.0,0.0002999999999999947
内蒙古自治区,2021,2024,16875,16875,16823,1.2682,1.2682,1.2684,0.1849,0.1849,0.1854,0.0,-0.0030814814814814815,0.0,0.00015770383220310518,0.0,0.0005000000000000004
内蒙古自治区,2021,2025,17290,17290,17236,1.3518,1.3518,1.3521,0.2143,0.2143,0.2149,0.0,-0.0031231925968768074,0.0,0.00022192632046174658,0.0,0.0006000000000000172
内蒙古自治区,2022,2023,15979,15979,15928,1.1188,1.1188,1.1191,0.0655,0.0655,0.0656,0.0,-0.003191689091933162,0.0,0.00026814444047190466,0.0,0.00010000000000000286
内蒙古自治区,2022,2024,17005,17005,16956,1.1869,1.1869,1.187,0.1077,0.1077,0.108,0.0,-0.002881505439576595,0.0,8.425309630127978e-05,0.0,0.0002999999999999947
内蒙古自治区,2022,2025,17534,17534,17484,1.265,1.265,1.2653,0.1387,0.1387,0.1391,0.0,-0.0028516026006615717,0.0,0.00023715415019777788,0.0,0.00040000000000001146
内蒙古自治区,2023,2024,16945,16945,16893,1.0598,1.0598,1.0597,0.036,0.036,0.0361,0.0,-0.0030687518442018293,0.0,-9.435742592941025e-05,0.0,0.00010000000000000286
内蒙古自治区,2023,2025,17705,17705,17654,1.1293,1.1293,1.1292,0.067,0.067,0.0673,0.0,-0.002880542219711946,0.0,-8.855042946957318e-05,0.0,0.0002999999999999947
内蒙古自治区,2024,2025,17340,17340,17291,1.0658,1.0658,1.0659,0.0311,0.0311,0.0312,0.0,-0.0028258362168396773,0.0,9.382623381496433e-05,0.0,9.99999999999994e-05
北京市,2021,2022,10607,10610,10598,1.0368,1.0368,1.0358,0.0206,0.0205,0.0205,0.0002828320920147073,-0.0011310084825636192,0.0,-0.0009645061728394,-9.99999999999994e-05,0.0
北京市,2021,2023,10729,10732,10721,1.0388,1.0388,1.0369,0.0312,0.0313,0.031,0.0002796159940348588,-0.0010249720462169214,0.0,-0.0018290335001925422,0.00010000000000000286,-0.00030000000000000165
北京市,2021,2024,10754,10757,10747,1.0439,1.0439,1.0429,0.0326,0.0327,0.0326,0.00027896596615212943,-0.0009296272194849865,0.0,-0.0009579461634257226,0.00010000000000000286,-0.00010000000000000286
北京市,2021,2025,10801,10804,10796,1.0894,1.0894,1.0875,0.0482,0.0483,0.0481,0.00027775205999444494,-0.0007404664938911515,0.0,-0.0017440793097117798,0.00010000000000000286,-0.00020000000000000573
北京市,2022,2023,10743,10746,10734,1.0018,1.0018,1.001,0.0104,0.0104,0.0103,0.00027925160569673273,-0.0011166945840312675,0.0,-0.0007985625873429167,0.0,-9.99999999999994e-05
北京市,2022,2024,10789,10792,10781,1.0067,1.0068,1.0068,0.0118,0.0118,0.0118,0.00027806098804337753,-0.0010192735359525575,9.933445912385914e-05,0.0,0.0,0.0
北京市,2022,2025,10840,10843,10834,1.0505,1.0506,1.0498,0.027,0.027,0.0269,0.00027675276752767527,-0.0008300285898736512,9.519276534982293e-05,-0.0007614696363981648,0.0,-9.99999999999994e-05
北京市,2023,2024,10790,10793,10782,1.0049,1.0049,1.0057,0.0013,0.0013,0.0015,0.0002780352177942539,-0.0010191790975632355,0.0,0.0007960991143398686,0.0,0.0002000000000000001
北京市,2023,2025,10857,10860,10851,1.0487,1.0487,1.0488,0.0168,0.0168,0.017,0.00027631942525559546,-0.0008287292817679558,0.0,9.535615523981024e-05,0.0,0.00020000000000000226
北京市,2024,2025,10778,10781,10773,1.0436,1.0435,1.0428,0.0151,0.015,0.0149,0.000278344776396363,-0.0007420461923754754,-9.58221540820132e-05,-0.0006708193579301819,-0.00010000000000000113,-9.99999999999994e-05
台湾省,2021,2022,19747,19747,19747,0.9953,0.9953,0.9953,-0.0044,-0.0044,-0.0044,0.0,0.0,0.0,0.0,0.0,0.0
台湾省,2021,2023,20047,20047,20047,1.0056,1.0056,1.0056,0.0125,0.0125,0.0125,0.0,0.0,0.0,0.0,0.0,0.0
台湾省,2021,2024,20002,20002,20002,1.0255,1.0255,1.0255,0.0121,0.0121,0.0121,0.0,0.0,0.0,0.0,0.0,0.0
台湾省,2021,2025,19915,19915,19915,1.064,1.064,1.064,0.0176,0.0176,0.0176,0.0,0.0,0.0,0.0,0.0,0.0
台湾省,2022,2023,19993,19993,19993,1.0104,1.0104,1.0104,0.0169,0.0169,0.0169,0.0,0.0,0.0,0.0,0.0,0.0
台湾省,2022,2024,19937,19937,19937,1.0303,1.0303,1.0303,0.0163,0.0163,0.0163,0.0,0.0,0.0,0.0,0.0,0.0
台湾省,2022,2025,19826,19826,19826,1.069,1.069,1.069,0.0221,0.0221,0.0221,0.0,0.0,0.0,0.0,0.0,0.0
台湾省,2023,2024,20071,20071,20071,1.0197,1.0197,1.0197,-0.0006,-0.0006,-0.0006,0.0,0.0,0.0,0.0,0.0,0.0
台湾省,2023,2025,20052,20052,20052,1.058,1.058,1.058,0.005,0.005,0.005,0.0,0.0,0.0,0.0,0.0,0.0
台湾省,2024,2025,19904,19904,19904,1.0376,1.0376,1.0376,0.0059,0.0059,0.0059,0.0,0.0,0.0,0.0,0.0,0.0
吉林省,2021,2022,8997,8997,9002,0.9769,0.9769,0.977,-0.0113,-0.0113,-0.0112,0.0,0.0005557408024897188,0.0,0.00010236462278635376,0.0,9.99999999999994e-05
吉林省,2021,2023,9694,9694,9701,1.0044,1.0044,1.0045,0.0333,0.0333,0.0335,0.0,0.0007220961419434702,0.0,9.95619275189058e-05,0.0,0.0001999999999999988
吉林省,2021,2024,9735,9735,9743,1.0539,1.0539,1.054,0.033,0.033,0.0331,0.0,0.0008217770929635337,0.0,9.488566277634403e-05,0.0,9.999999999999593e-05
吉林省,2021,2025,9944,9944,9953,1.0816,1.0816,1.0817,0.0517,0.0517,0.0518,0.0,0.0009050683829444891,0.0,9.245562130197026e-05,0.0,9.999999999999593e-05
吉林省,2022,2023,9419,9419,9427,1.0275,1.0275,1.0275,0.0412,0.0412,0.0412,0.0,0.0008493470644442085,0.0,0.0,0.0,0.0
吉林省,2022,2024,9566,9566,9573,1.0784,1.0784,1.0784,0.0423,0.0423,0.0423,0.0,0.0007317583106836714,0.0,0.0,0.0,0.0
吉林省,2022,2025,9796,9796,9805,1.1068,1.1068,1.1068,0.0616,0.0616,0.0616,0.0,0.0009187423438138016,0.0,0.0,0.0,0.0
吉林省,2023,2024,9641,9641,9651,1.0496,1.0496,1.0496,0.0022,0.0022,0.0021,0.0,0.0010372368011617053,0.0,0.0,0.0,-0.00010000000000000026
吉林省,2023,2025,9943,9943,9954,1.0768,1.0768,1.0768,0.0192,0.0192,0.0191,0.0,0.0011063059438801166,0.0,0.0,0.0,-9.99999999999994e-05
吉林省,2024,2025,9471,9471,9481,1.0266,1.0266,1.0266,0.0205,0.0205,0.0204,0.0,0.0010558547143912998,0.0,0.0,0.0,-9.99999999999994e-05
四川省,2021,2022,28334,28334,28326,1.0711,1.0711,1.0711,0.0719,0.0719,0.0719,0.0,-0.000282346297734171,0.0,0.0,0.0,0.0
四川省,2021,2023,28989,28989,28981,1.0984,1.0984,1.0983,0.0963,0.0963,0.0961,0.0,-0.0002759667460071061,0.0,-9.104151493079842e-05,0.0,-0.00019999999999999185
四川省,2021,2024,29986,29986,29977,1.1512,1.1512,1.1513,0.1228,0.1228,0.1229,0.0,-0.0003001400653638365,0.0,8.686587908268675e-05,0.0,9.999999999998899e-05
四川省,2021,2025,29729,29729,29723,1.1798,1.1798,1.1801,0.1346,0.1346,0.1349,0.0,-0.00020182313565878435,0.0,0.0002542803865061595,0.0,0.0002999999999999947
四川省,2022,2023,29706,29706,29699,1.0246,1.0246,1.0245,0.0207,0.0207,0.0206,0.0,-0.0002356426311182926,0.0,-9.759906304898399e-05,0.0,-9.99999999999994e-05
四川省,2022,2024,30789,30789,30781,1.0728,1.0728,1.073,0.0444,0.0444,0.0444,0.0,-0.00025983305726071,0.0,0.00018642803877701153,0.0,0.0
四川省,2022,2025,30962,30962,30958,1.0993,1.0993,1.0995,0.054,0.054,0.0542,0.0,-0.00012919062076093276,0.0,0.00018193395797323569,0.0,0.0001999999999999988
四川省,2023,2024,30264,30264,30255,1.0472,1.0472,1.0474,0.0246,0.0246,0.0247,0.0,-0.0002973830293417922,0.0,0.00019098548510332317,0.0,9.99999999999994e-05
四川省,2023,2025,30678,30678,30673,1.0734,1.0734,1.0736,0.0352,0.0352,0.0355,0.0,-0.00016298324532238085,0.0,0.00018632383081814796,0.0,0.0002999999999999947
四川省,2024,2025,30629,30629,30624,1.025,1.025,1.0251,0.0106,0.0106,0.0107,0.0,-0.0001632439844591727,0.0,9.756097560974536e-05,0.0,9.99999999999994e-05
天津市,2021,2022,10523,10523,10508,1.0208,1.0208,1.0207,0.0057,0.0057,0.0056,0.0,-0.0014254490164401787,0.0,-9.796238244513029e-05,0.0,-0.00010000000000000026
天津市,2021,2023,10836,10836,10823,1.0278,1.0278,1.0278,0.0182,0.0182,0.0183,0.0,-0.001199704688076781,0.0,0.0,0.0,9.99999999999994e-05
天津市,2021,2024,10886,10886,10873,1.0197,1.0197,1.0196,0.0154,0.0154,0.0153,0.0,-0.0011941943781003123,0.0,-9.806805923309697e-05,0.0,-0.00010000000000000113
天津市,2021,2025,10976,10976,10961,1.0685,1.0685,1.0685,0.0287,0.0287,0.0286,0.0,-0.0013666180758017492,0.0,0.0,0.0,-9.99999999999994e-05
天津市,2022,2023,10784,10784,10769,1.0068,1.0068,1.0069,0.0122,0.0122,0.0124,0.0,-0.0013909495548961425,0.0,9.932459276915871e-05,0.0,0.0001999999999999988
天津市,2022,2024,10850,10850,10837,0.9988,0.9988,0.9989,0.0092,0.0092,0.0093,0.0,-0.0011981566820276498,0.0,0.00010012014417299658,0.0,9.99999999999994e-05
天津市,2022,2025,10940,10940,10925,1.0467,1.0467,1.0468,0.0226,0.0226,0.0226,0.0,-0.0013711151736745886,0.0,9.553835865098786e-05,0.0,0.0
天津市,2023,2024,10913,10913,10904,0.992,0.992,0.992,-0.0034,-0.0034,-0.0035,0.0,-0.0008247044808943462,0.0,0.0,0.0,-0.00010000000000000026
天津市,2023,2025,11023,11023,11012,1.0395,1.0395,1.0394,0.0097,0.0097,0.0095,0.0,-0.0009979134536877439,0.0,-9.62000962000856e-05,0.0,-0.00020000000000000052
天津市,2024,2025,10948,10948,10936,1.0479,1.0479,1.0479,0.0132,0.0132,0.0132,0.0,-0.0010960906101571063,0.0,0.0,0.0,0.0
宁夏回族自治区,2021,2022,5668,5668,5666,1.0807,1.0807,1.0807,0.0698,0.0698,0.0698,0.0,-0.00035285815102328866,0.0,0.0,0.0,0.0
宁夏回族自治区,2021,2023,6155,6155,6152,1.2067,1.2067,1.2066,0.1283,0.1283,0.1282,0.0,-0.00048740861088545896,0.0,-8.287063893280105e-05,0.0,-9.999999999998899e-05
宁夏回族自治区,2021,2024,6245,6245,6244,1.1888,1.1888,1.1889,0.1286,0.1286,0.1286,0.0,-0.0001601281024819856,0.0,8.411843876176731e-05,0.0,0.0
宁夏回族自治区,2021,2025,6234,6234,6236,1.1915,1.1915,1.1915,0.1299,0.1299,0.1299,0.0,0.0003208213025344883,0.0,0.0,0.0,0.0
宁夏回族自治区,2022,2023,6185,6185,6183,1.1138,1.1138,1.1138,0.0487,0.0487,0.0486,0.0,-0.00032336297493936947,0.0,0.0,0.0,-0.00010000000000000286
宁夏回族自治区,2022,2024,6339,6339,6338,1.0972,1.0972,1.0972,0.0488,0.0488,0.0488,0.0,-0.00015775358889414735,0.0,0.0,0.0,0.0
宁夏回族自治区,2022,2025,6387,6387,6388,1.0994,1.0994,1.0994,0.0483,0.0483,0.0483,0.0,0.0001565680288085173,0.0,0.0,0.0,0.0
宁夏回族自治区,2023,2024,6371,6371,6370,0.9847,0.9847,0.9848,-0.0017,-0.0017,-0.0016,0.0,-0.0001569612305760477,0.0,0.00010155377272264545,0.0,9.999999999999983e-05
宁夏回族自治区,2023,2025,6474,6474,6473,0.9867,0.9867,0.9867,-0.0014,-0.0014,-0.0013,0.0,-0.00015446400988569664,0.0,0.0,0.0,0.00010000000000000005
宁夏回族自治区,2024,2025,6274,6274,6275,1.0026,1.0026,1.0025,0.0017,0.0017,0.0016,0.0,0.0001593879502709595,0.0,-9.974067424694693e-05,0.0,-9.999999999999983e-05
安徽省,2021,2022,26672,26672,26677,1.0049,1.0049,1.0049,0.0155,0.0155,0.0155,0.0,0.0001874625074985003,0.0,0.0,0.0,0.0
安徽省,2021,2023,28954,28954,28958,1.0596,1.0596,1.0596,0.0575,0.0575,0.0575,0.0,0.0001381501692339573,0.0,0.0,0.0,0.0
安徽省,2021,2024,30181,30181,30187,1.0834,1.0834,1.0835,0.0807,0.0807,0.0808,0.0,0.00019880056989496703,0.0,9.230201218385544e-05,0.0,0.00010000000000000286
安徽省,2021,2025,30360,30360,30366,1.099,1.099,1.0991,0.0897,0.0897,0.0897,0.0,0.0001976284584980237,0.0,9.099181073702364e-05,0.0,0.0
安徽省,2022,2023,28623,28623,28625,1.0533,1.0533,1.0534,0.0395,0.0395,0.0395,0.0,6.987387765084023e-05,0.0,9.493971328205544e-05,0.0,0.0
安徽省,2022,2024,30005,30005,30011,1.0769,1.0769,1.077,0.0627,0.0627,0.0627,0.0,0.00019996667222129644,0.0,9.28591326956904e-05,0.0,0.0
安徽省,2022,2025,30252,30252,30256,1.0925,1.0925,1.0926,0.0719,0.0719,0.0719,0.0,0.0001322226629644321,0.0,9.153318077802195e-05,0.0,0.0
安徽省,2023,2024,30175,30175,30180,1.0216,1.0216,1.0216,0.0207,0.0207,0.0207,0.0,0.00016570008285004143,0.0,0.0,0.0,0.0
安徽省,2023,2025,30693,30693,30697,1.0363,1.0363,1.0364,0.0301,0.0301,0.0301,0.0,0.0001303228749226208,0.0,9.649715333396602e-05,0.0,0.0
安徽省,2024,2025,30463,30463,30467,1.0145,1.0145,1.0145,0.0096,0.0096,0.0096,0.0,0.00013130683123789515,0.0,0.0,0.0,0.0
山东省,2021,2022,62307,62307,62341,1.0066,1.0066,1.0066,0.0084,0.0084,0.0084,0.0,0.0005456850755131848,0.0,0.0,0.0,0.0
山东省,2021,2023,65505,65505,65544,1.0452,1.0452,1.0452,0.0306,0.0306,0.0307,0.0,0.0005953743989008472,0.0,0.0,0.0,0.00010000000000000286
山东省,2021,2024,66999,66999,67037,1.0622,1.0622,1.0623,0.0382,0.0382,0.0382,0.0,0.0005671726443678264,0.0,9.414422895875446e-05,0.0,0.0
山东省,2021,2025,66625,66625,66667,1.0642,1.0642,1.0646,0.0327,0.0327,0.0328,0.0,0.0006303939962476548,0.0,0.0003758691975192219,0.0,0.00010000000000000286
山东省,2022,2023,64611,64611,64655,1.0377,1.0377,1.0378,0.0209,0.0209,0.0209,0.0,0.0006809985915710947,0.0,9.63669654042488e-05,0.0,0.0
山东省,2022,2024,66448,66448,66490,1.0546,1.0546,1.0548,0.0284,0.0284,0.0284,0.0,0.000632073200096316,0.0,0.0001896453631708496,0.0,0.0
山东省,2022,2025,66348,66348,66393,1.0567,1.0567,1.0571,0.0229,0.0229,0.0229,0.0,0.0006782419967444384,0.0,0.000378536954670158,0.0,0.0
山东省,2023,2024,66435,66435,66478,1.016,1.016,1.0162,0.0073,0.0073,0.0072,0.0,0.0006472491909385113,0.0,0.00019685039370076571,0.0,-0.00010000000000000026
山东省,2023,2025,66949,66949,66997,1.018,1.018,1.0184,0.0014,0.0014,0.0015,0.0,0.0007169636589045393,0.0,0.00039292730844789385,0.0,0.00010000000000000005
山东省,2024,2025,66187,66187,66239,1.0021,1.0021,1.0023,-0.0055,-0.0055,-0.0054,0.0,0.0007856527716923263,0.0,0.0001995808801516595,0.0,9.99999999999994e-05
山西省,2021,2022,19024,19024,19019,1.0489,1.0489,1.0489,0.0421,0.0421,0.0421,0.0,-0.0002628259041211102,0.0,0.0,0.0,0.0
山西省,2021,2023,20288,20288,20283,1.1055,1.1055,1.1055,0.0817,0.0817,0.0817,0.0,-0.00024645110410094636,0.0,0.0,0.0,0.0
山西省,2021,2024,20987,20987,20982,1.1353,1.1353,1.1355,0.1016,0.1016,0.1016,0.0,-0.00023824272168485253,0.0,0.00017616489033733636,0.0,0.0
山西省,2021,2025,21776,21776,21772,1.2309,1.2309,1.231,0.1343,0.1343,0.1344,0.0,-0.0001836884643644379,0.0,8.124136810462992e-05,0.0,9.999999999998899e-05
山西省,2022,2023,20255,20255,20251,1.0528,1.0528,1.0529,0.0359,0.0359,0.036,0.0,-0.00019748210318439892,0.0,9.498480243160048e-05,0.0,9.999999999999593e-05
山西省,2022,2024,21173,21173,21169,1.0808,1.0808,1.0809,0.0542,0.0542,0.0543,0.0,-0.0001889198507533179,0.0,9.252405625461602e-05,0.0,0.00010000000000000286
山西省,2022,2025,21966,21966,21963,1.1714,1.1714,1.1715,0.0861,0.0861,0.0862,0.0,-0.0001365747063643813,0.0,8.536793580330287e-05,0.0,0.00010000000000000286
山西省,2023,2024,21022,21022,21019,1.0262,1.0262,1.0263,0.0176,0.0176,0.0176,0.0,-0.00014270763961564075,0.0,9.74468914441522e-05,0.0,0.0
山西省,2023,2025,21939,21939,21937,1.1125,1.1125,1.1125,0.0512,0.0512,0.0513,0.0,-9.116185787866356e-05,0.0,0.0,0.0,9.999999999999593e-05
山西省,2024,2025,21600,21600,21597,1.0841,1.0841,1.0841,0.0342,0.0342,0.0342,0.0,-0.0001388888888888889,0.0,0.0,0.0,0.0
广东省,2021,2022,60459,60459,60478,1.0426,1.0426,1.0427,0.0162,0.0162,0.0161,0.0,0.0003142625580972229,0.0,9.591406100133223e-05,0.0,-9.99999999999994e-05
广东省,2021,2023,62058,62058,62082,1.0432,1.0432,1.0432,0.029,0.029,0.0288,0.0,0.0003867349898482065,0.0,0.0,0.0,-0.00020000000000000226
广东省,2021,2024,63369,63369,63395,1.0772,1.0772,1.0772,0.0412,0.0412,0.041,0.0,0.00041029525477757266,0.0,0.0,0.0,-0.0001999999999999988
广东省,2021,2025,63641,63641,63666,1.141,1.141,1.1412,0.059,0.059,0.059,0.0,0.0003928285224933612,0.0,0.00017528483786150568,0.0,0.0
广东省,2022,2023,61375,61375,61389,1.0005,1.0005,1.0004,0.0125,0.0125,0.0125,0.0,0.00022810590631364562,0.0,-9.995002498749524e-05,0.0,0.0
广东省,2022,2024,62891,62891,62908,1.0332,1.0332,1.0331,0.0248,0.0248,0.0248,0.0,0.0002703089472261532,0.0,-9.678668215252516e-05,0.0,0.0
广东省,2022,2025,63321,63321,63342,1.0945,1.0945,1.0947,0.0432,0.0432,0.0432,0.0,0.00033164353058227127,0.0,0.00018273184102327817,0.0,0.0
广东省,2023,2024,62732,62732,62751,1.0326,1.0326,1.0325,0.012,0.012,0.012,0.0,0.000302875725307658,0.0,-9.684292078248013e-05,0.0,0.0
广东省,2023,2025,63353,63353,63373,1.0939,1.0939,1.094,0.0305,0.0305,0.0306,0.0,0.0003156914431834325,0.0,9.141603437241885e-05,0.0,9.99999999999994e-05
广东省,2024,2025,62957,62957,62976,1.0594,1.0594,1.0596,0.0186,0.0186,0.0186,0.0,0.0003017932874819321,0.0,0.00018878610534283561,0.0,0.0
广西壮族自治区,2021,2022,17578,17578,17594,1.0433,1.0433,1.0462,0.03,0.03,0.0302,0.0,0.0009102286949596086,0.0,0.0027796415220934776,0.0,0.00020000000000000226
广西壮族自治区,2021,2023,18774,18774,18782,1.0375,1.0375,1.037,0.0543,0.0543,0.0543,0.0,0.000426121231490359,0.0,-0.0004819277108435344,0.0,0.0
广西壮族自治区,2021,2024,19460,19460,19473,1.0536,1.0536,1.0523,0.0717,0.0717,0.0717,0.0,0.0006680369989722507,0.0,-0.001233864844343279,0.0,0.0
广西壮族自治区,2021,2025,19163,19163,19175,1.0572,1.0572,1.0558,0.0627,0.0627,0.0627,0.0,0.0006262067525961488,0.0,-0.0013242527430948222,0.0,0.0
广西壮族自治区,2022,2023,18472,18472,18483,0.9947,0.9947,0.9913,0.0261,0.0261,0.0259,0.0,0.0005954958856647899,0.0,-0.0034181160148789276,0.0,-0.00020000000000000226
广西壮族自治区,2022,2024,19268,19268,19284,1.0097,1.0097,1.0057,0.0409,0.0409,0.0406,0.0,0.0008303923603902845,0.0,-0.0039615727443795224,0.0,-0.00030000000000000165
广西壮族自治区,2022,2025,19144,19144,19159,1.0139,1.0139,1.0097,0.0347,0.0347,0.0345,0.0,0.0007835353113246971,0.0,-0.0041424203570371645,0.0,-0.0001999999999999988
广西壮族自治区,2023,2024,19313,19313,19323,1.0146,1.0146,1.014,0.0144,0.0144,0.0143,0.0,0.0005177859472893906,0.0,-0.0005913660555883441,0.0,-9.99999999999994e-05
广西壮族自治区,2023,2025,19385,19385,19395,1.0195,1.0195,1.0187,0.0107,0.0107,0.0106,0.0,0.0005158627805003869,0.0,-0.0007846983815597194,0.0,-9.99999999999994e-05
广西壮族自治区,2024,2025,19169,19169,19182,1.0052,1.0052,1.0052,-0.0021,-0.0021,-0.0021,0.0,0.0006781783087276332,0.0,0.0,0.0,0.0
新疆维吾尔自治区,2021,2022,22688,22688,22670,1.0036,1.0036,1.0036,0.0195,0.0195,0.0195,0.0,-0.0007933709449929478,0.0,0.0,0.0,0.0
新疆维吾尔自治区,2021,2023,24291,24291,24271,1.0413,1.0413,1.0414,0.0534,0.0534,0.0534,0.0,-0.0008233502120126796,0.0,9.603380389917511e-05,0.0,0.0
新疆维吾尔自治区,2021,2024,25829,25829,25812,1.0958,1.0958,1.0958,0.071,0.071,0.0709,0.0,-0.0006581749196639436,0.0,0.0,0.0,-9.999999999998899e-05
新疆维吾尔自治区,2021,2025,27286,27286,27263,1.1534,1.1534,1.1532,0.1201,0.1201,0.1199,0.0,-0.000842923110752767,0.0,-0.00017340038148082017,0.0,-0.00019999999999999185
新疆维吾尔自治区,2022,2023,23193,23193,23173,1.0372,1.0372,1.0373,0.0365,0.0365,0.0365,0.0,-0.0008623291510369509,0.0,9.641342074837162e-05,0.0,0.0
新疆维吾尔自治区,2022,2024,25014,25014,24997,1.0924,1.0924,1.0923,0.0656,0.0656,0.0656,0.0,-0.000679619413128648,0.0,-9.154155986817006e-05,0.0,0.0
新疆维吾尔自治区,2022,2025,26559,26559,26536,1.1495,1.1495,1.1492,0.1154,0.1154,0.1152,0.0,-0.0008659964607101171,0.0,-0.0002609830361026246,0.0,-0.00020000000000000573
新疆维吾尔自治区,2023,2024,24494,24494,24475,1.053,1.053,1.0529,0.0345,0.0345,0.0344,0.0,-0.0007757001714705642,0.0,-9.496676163341784e-05,0.0,-0.00010000000000000286
新疆维吾尔自治区,2023,2025,26250,26250,26225,1.1074,1.1074,1.1072,0.0826,0.0826,0.0824,0.0,-0.0009523809523809524,0.0,-0.00018060321473720243,0.0,-0.00020000000000000573
新疆维吾尔自治区,2024,2025,25546,25546,25524,1.0513,1.0513,1.0512,0.0468,0.0468,0.0467,0.0,-0.0008611915759805841,0.0,-9.512032721391515e-05,0.0,-0.00010000000000000286
江苏省,2021,2022,60603,60603,60612,1.0181,1.0181,1.0181,0.015,0.015,0.015,0.0,0.00014850749962873124,0.0,0.0,0.0,0.0
江苏省,2021,2023,63247,63247,63255,1.0757,1.0757,1.0757,0.0429,0.0429,0.0429,0.0,0.0001264882128796623,0.0,0.0,0.0,0.0
江苏省,2021,2024,64412,64412,64418,1.0954,1.0954,1.0955,0.0527,0.0527,0.0527,0.0,9.315034465627523e-05,0.0,9.129085265655376e-05,0.0,0.0
江苏省,2021,2025,66151,66151,66157,1.1425,1.1425,1.1426,0.0757,0.0757,0.0758,0.0,9.070157669574156e-05,0.0,8.752735229758335e-05,0.0,0.00010000000000000286
江苏省,2022,2023,62802,62802,62810,1.0563,1.0563,1.0564,0.0274,0.0274,0.0274,0.0,0.00012738447820133118,0.0,9.467007478934865e-05,0.0,0.0
江苏省,2022,2024,64162,64162,64168,1.0757,1.0757,1.0757,0.0371,0.0371,0.0371,0.0,9.35132944733643e-05,0.0,0.0,0.0,0.0
江苏省,2022,2025,65969,65969,65975,1.1217,1.1217,1.1219,0.06,0.06,0.06,0.0,9.095181069896467e-05,0.0,0.00017830079343851118,0.0,0.0
江苏省,2023,2024,64308,64308,64314,1.0181,1.0181,1.0182,0.0091,0.0091,0.0091,0.0,9.33009889904833e-05,0.0,9.822217856790982e-05,0.0,0.0
江苏省,2023,2025,66220,66220,66227,1.0616,1.0616,1.0617,0.0316,0.0316,0.0316,0.0,0.00010570824524312896,0.0,9.419743782968065e-05,0.0,0.0
江苏省,2024,2025,65688,65688,65692,1.0427,1.0427,1.0427,0.0225,0.0225,0.0226,0.0,6.089392278650591e-05,0.0,0.0,0.0,9.99999999999994e-05
江西省,2021,2022,13312,13312,13306,1.0147,1.0147,1.0147,0.0238,0.0238,0.0237,0.0,-0.00045072115384615387,0.0,0.0,0.0,-0.00010000000000000286
江西省,2021,2023,14615,14615,14609,1.11,1.11,1.1099,0.0911,0.0911,0.091,0.0,-0.0004105371193978789,0.0,-9.009009009008016e-05,0.0,-0.00010000000000000286
江西省,2021,2024,15188,15188,15181,1.1963,1.1963,1.1962,0.1318,0.1318,0.1317,0.0,-0.0004608901764550961,0.0,-8.359107247345063e-05,0.0,-9.999999999998899e-05
江西省,2021,2025,15485,15485,15478,1.2501,1.2501,1.25,0.1528,0.1528,0.1527,0.0,-0.0004520503713270907,0.0,-7.999360051195023e-05,0.0,-9.999999999998899e-05
江西省,2022,2023,14448,14448,14442,1.0925,1.0925,1.0925,0.0631,0.0631,0.0631,0.0,-0.0004152823920265781,0.0,0.0,0.0,0.0
江西省,2022,2024,15113,15113,15106,1.1773,1.1773,1.1773,0.1037,0.1037,0.1037,0.0,-0.0004631773969430292,0.0,0.0,0.0,0.0
江西省,2022,2025,15478,15478,15472,1.2301,1.2301,1.23,0.1243,0.1243,0.1243,0.0,-0.0003876469828143171,0.0,-8.129420372326558e-05,0.0,0.0
江西省,2023,2024,15245,15245,15239,1.0765,1.0765,1.0765,0.0362,0.0362,0.0362,0.0,-0.0003935716628402755,0.0,0.0,0.0,0.0
江西省,2023,2025,15699,15699,15693,1.1245,1.1245,1.1245,0.0567,0.0567,0.0567,0.0,-0.00038218994840435696,0.0,0.0,0.0,0.0
江西省,2024,2025,15569,15569,15562,1.0447,1.0447,1.0448,0.0213,0.0213,0.0213,0.0,-0.0004496114072837048,0.0,9.5721259691767e-05,0.0,0.0
河北省,2021,2022,42571,42571,42580,1.0303,1.0303,1.031,0.0181,0.0181,0.0182,0.0,0.00021141152427709003,0.0,0.000679413762981581,0.0,9.99999999999994e-05
河北省,2021,2023,45763,45763,45774,1.0961,1.0961,1.0973,0.0498,0.0498,0.0499,0.0,0.0002403688569368267,0.0,0.001094790621293557,0.0,0.00010000000000000286
河北省,2021,2024,46684,46684,46694,1.1365,1.1365,1.1373,0.0611,0.0611,0.0611,0.0,0.00021420615200068546,0.0,0.0007039155301363061,0.0,0.0
河北省,2021,2025,47837,47837,47847,1.1899,1.1899,1.1911,0.0774,0.0774,0.0774,0.0,0.00020904320923134813,0.0,0.0010084881082444658,0.0,0.0
河北省,2022,2023,45471,45471,45481,1.0631,1.0631,1.0636,0.0307,0.0307,0.0307,0.0,0.00021992038881924744,0.0,0.0004703226413321108,0.0,0.0
河北省,2022,2024,46734,46734,46742,1.1022,1.1022,1.1023,0.0418,0.0418,0.0417,0.0,0.00017118158086189926,0.0,9.072763563780528e-05,0.0,-9.999999999999593e-05
河北省,2022,2025,47982,47982,47991,1.1537,1.1537,1.1541,0.0575,0.0575,0.0575,0.0,0.0001875703388770789,0.0,0.0003467105833405183,0.0,0.0
河北省,2023,2024,47007,47007,47013,1.0364,1.0364,1.036,0.0103,0.0103,0.0103,0.0,0.00012764056417129363,0.0,-0.00038595137012732147,0.0,0.0
河北省,2023,2025,48511,48511,48516,1.0846,1.0846,1.0844,0.0257,0.0257,0.0257,0.0,0.00010306940693863248,0.0,-0.00018439977872024524,0.0,0.0
河北省,2024,2025,47724,47724,47733,1.0467,1.0467,1.047,0.0157,0.0157,0.0157,0.0,0.00018858436007040483,0.0,0.0002866150759529636,0.0,0.0
河南省,2021,2022,37024,37024,37030,0.9989,0.9989,0.9989,0.016,0.016,0.016,0.0,0.00016205704407951598,0.0,0.0,0.0,0.0
河南省,2021,2023,38686,38686,38692,1.043,1.043,1.0429,0.0392,0.0392,0.0392,0.0,0.0001550948663599235,0.0,-9.587727708532023e-05,0.0,0.0
河南省,2021,2024,40291,40291,40294,1.0809,1.0809,1.0808,0.0592,0.0592,0.0592,0.0,7.445831575289768e-05,0.0,-9.25154963456277e-05,0.0,0.0
河南省,2021,2025,40807,40807,40812,1.1167,1.1167,1.1167,0.0705,0.0705,0.0705,0.0,0.00012252799764746243,0.0,0.0,0.0,0.0
河南省,2022,2023,38470,38470,38477,1.0433,1.0433,1.0433,0.0209,0.0209,0.0209,0.0,0.0001819599688068625,0.0,0.0,0.0,0.0
河南省,2022,2024,40326,40326,40330,1.0807,1.0807,1.0807,0.0402,0.0402,0.0402,0.0,9.919158855329068e-05,0.0,0.0,0.0,0.0
河南省,2022,2025,41002,41002,41008,1.1163,1.1163,1.1163,0.0508,0.0508,0.0508,0.0,0.0001463343251548705,0.0,0.0,0.0,0.0
河南省,2023,2024,39921,39921,39926,1.0356,1.0356,1.0356,0.0185,0.0185,0.0185,0.0,0.00012524736354299743,0.0,0.0,0.0,0.0
河南省,2023,2025,40838,40838,40844,1.0698,1.0698,1.0698,0.0293,0.0293,0.0293,0.0,0.00014692198442626964,0.0,0.0,0.0,0.0
河南省,2024,2025,40758,40758,40763,1.033,1.033,1.033,0.0107,0.0107,0.0107,0.0,0.00012267530300799843,0.0,0.0,0.0,0.0
浙江省,2021,2022,48403,48403,48522,1.0611,1.0611,1.0617,0.0379,0.0379,0.0379,0.0,0.002458525298018718,0.0,0.0005654509471304834,0.0,0.0
浙江省,2021,2023,51228,51228,51362,1.1496,1.1496,1.1507,0.0861,0.0861,0.0861,0.0,0.002615757007886312,0.0,0.0009568545581072555,0.0,0.0
浙江省,2021,2024,52509,52509,52653,1.1888,1.1888,1.1897,0.1062,0.1062,0.1063,0.0,0.0027423870193681085,0.0,0.0007570659488559058,0.0,0.00010000000000000286
浙江省,2021,2025,52790,52790,52944,1.2507,1.2507,1.2519,0.1256,0.1256,0.126,0.0,0.0029172191702974046,0.0,0.0009594627008875749,0.0,0.00040000000000001146
浙江省,2022,2023,51187,51187,51319,1.083,1.083,1.0835,0.0475,0.0475,0.0476,0.0,0.002578779768300545,0.0,0.0004616805170821283,0.0,0.00010000000000000286
浙江省,2022,2024,52597,52597,52737,1.12,1.12,1.1202,0.068,0.068,0.0682,0.0,0.0026617487689411944,0.0,0.0001785714285714089,0.0,0.00019999999999999185
浙江省,2022,2025,52931,52931,53085,1.1783,1.1783,1.1788,0.0876,0.0876,0.0879,0.0,0.002909448149477622,0.0,0.0004243401510652355,0.0,0.0003000000000000086
浙江省,2023,2024,52823,52823,52962,1.0338,1.0338,1.0336,0.0193,0.0193,0.0194,0.0,0.002631429490941446,0.0,-0.0001934610176049313,0.0,9.99999999999994e-05
浙江省,2023,2025,53301,53301,53453,1.0876,1.0876,1.0876,0.039,0.039,0.0393,0.0,0.002851728860621752,0.0,0.0,0.0,0.00030000000000000165
浙江省,2024,2025,53310,53310,53462,1.052,1.052,1.0522,0.0195,0.0195,0.0196,0.0,0.002851247420746577,0.0,0.0001901140684410437,0.0,9.99999999999994e-05
海南省,2021,2022,6607,6607,6603,1.0238,1.0238,1.0237,0.0049,0.0049,0.0046,0.0,-0.0006054184955350386,0.0,-9.76753272123354e-05,0.0,-0.0002999999999999999
海南省,2021,2023,7135,7135,7132,1.0335,1.0335,1.0343,0.0399,0.0399,0.0399,0.0,-0.0004204625087596356,0.0,0.0007740686985969152,0.0,0.0
海南省,2021,2024,7475,7475,7474,1.1025,1.1025,1.1037,0.0714,0.0714,0.0718,0.0,-0.00013377926421404682,0.0,0.00108843537414954,0.0,0.0003999999999999976
海南省,2021,2025,7650,7650,7646,1.1354,1.1354,1.1366,0.0786,0.0786,0.0789,0.0,-0.0005228758169934641,0.0,0.0010568962480183987,0.0,0.0002999999999999947
海南省,2022,2023,6885,6885,6881,1.0092,1.0092,1.0102,0.0345,0.0345,0.0348,0.0,-0.0005809731299927379,0.0,0.0009908838684105131,0.0,0.0002999999999999947
海南省,2022,2024,7321,7321,7318,1.0763,1.0763,1.0777,0.0644,0.0644,0.065,0.0,-0.00040978008468788414,0.0,0.001300752578277495,0.0,0.0006000000000000033
海南省,2022,2025,7468,7468,7463,1.1093,1.1093,1.1106,0.0743,0.0743,0.0749,0.0,-0.0006695232994108195,0.0,0.0011719102136483178,0.0,0.0005999999999999894
海南省,2023,2024,7340,7340,7337,1.0654,1.0654,1.0658,0.0284,0.0284,0.0288,0.0,-0.00040871934604904634,0.0,0.00037544584193746763,0.0,0.0003999999999999976
海南省,2023,2025,7525,7525,7521,1.0976,1.0976,1.0979,0.0366,0.0366,0.0369,0.0,-0.00053156146179402,0.0,0.0002733236151605221,0.0,0.00030000000000000165
海南省,2024,2025,7567,7567,7564,1.0299,1.0299,1.0299,0.0073,0.0073,0.0072,0.0,-0.00039645830580150654,0.0,0.0,0.0,-0.00010000000000000026
湖北省,2021,2022,19465,19465,19467,1.0652,1.0652,1.0652,0.0468,0.0468,0.0468,0.0,0.00010274852298998202,0.0,0.0,0.0,0.0
湖北省,2021,2023,20488,20488,20490,1.078,1.078,1.078,0.0688,0.0688,0.0688,0.0,9.761811792268645e-05,0.0,0.0,0.0,0.0
湖北省,2021,2024,21841,21841,21840,1.1576,1.1576,1.1577,0.1154,0.1154,0.1154,0.0,-4.57854493841857e-05,0.0,8.638562543191861e-05,0.0,0.0
湖北省,2021,2025,21956,21956,21961,1.1893,1.1893,1.1894,0.1346,0.1346,0.1346,0.0,0.0002277281836400073,0.0,8.4083074077179e-05,0.0,0.0
湖北省,2022,2023,20576,20576,20576,1.0115,1.0115,1.0115,0.0204,0.0204,0.0204,0.0,0.0,0.0,0.0,0.0,0.0
湖北省,2022,2024,22065,22065,22063,1.0857,1.0857,1.0858,0.0652,0.0652,0.0652,0.0,-9.06412871062769e-05,0.0,9.210647508518834e-05,0.0,0.0
湖北省,2022,2025,22241,22241,22242,1.1149,1.1149,1.1151,0.0819,0.0819,0.0819,0.0,4.496200710399712e-05,0.0,0.00017938828594490805,0.0,0.0
湖北省,2023,2024,21839,21839,21837,1.0724,1.0724,1.0724,0.0418,0.0418,0.0418,0.0,-9.157928476578598e-05,0.0,0.0,0.0,0.0
湖北省,2023,2025,22156,22156,22157,1.1015,1.1015,1.1016,0.0597,0.0597,0.0597,0.0,4.513450081242101e-05,0.0,9.078529278255923e-05,0.0,0.0
湖北省,2024,2025,22182,22182,22181,1.0269,1.0269,1.0269,0.0157,0.0157,0.0158,0.0,-4.50815976918222e-05,0.0,0.0,0.0,0.00010000000000000286
湖南省,2021,2022,14767,14767,14767,1.0218,1.0218,1.0219,0.0183,0.0183,0.0184,0.0,0.0,0.0,9.786651008023975e-05,0.0,9.99999999999994e-05
湖南省,2021,2023,15449,15449,15447,1.0447,1.0447,1.0447,0.0424,0.0424,0.0425,0.0,-0.00012945821736034694,0.0,0.0,0.0,0.00010000000000000286
湖南省,2021,2024,15873,15873,15871,1.0952,1.0952,1.0952,0.0649,0.0649,0.065,0.0,-0.000126000126000126,0.0,0.0,0.0,0.00010000000000000286
湖南省,2021,2025,15974,15974,15969,1.1164,1.1164,1.1163,0.0722,0.0722,0.0721,0.0,-0.00031300863903843744,0.0,-8.957362952345842e-05,0.0,-0.00010000000000000286
湖南省,2022,2023,15268,15268,15270,1.0221,1.0221,1.0221,0.0232,0.0232,0.0232,0.0,0.00013099292638197538,0.0,0.0,0.0,0.0
湖南省,2022,2024,15803,15803,15804,1.0717,1.0717,1.0715,0.0457,0.0457,0.0456,0.0,6.327912421692084e-05,0.0,-0.00018661938975478212,0.0,-9.999999999999593e-05
湖南省,2022,2025,15957,15957,15956,1.0924,1.0924,1.0922,0.0528,0.0528,0.0526,0.0,-6.266842138246537e-05,0.0,-0.00018308311973634013,0.0,-0.0001999999999999988
湖南省,2023,2024,15731,15731,15731,1.0481,1.0481,1.048,0.0214,0.0214,0.0213,0.0,0.0,0.0,-9.541074324967941e-05,0.0,-9.99999999999994e-05
湖南省,2023,2025,15999,15999,15997,1.0685,1.0685,1.0684,0.03,0.03,0.0298,0.0,-0.00012500781298831177,0.0,-9.358914365932521e-05,0.0,-0.0001999999999999988
湖南省,2024,2025,15819,15819,15817,1.0197,1.0197,1.0197,0.009,0.009,0.0089,0.0,-0.00012643024211391366,0.0,0.0,0.0,-9.99999999999994e-05
澳门特别行政区,2021,2022,56,56,68,0.9745,0.9745,0.9693,-0.0147,-0.0147,-0.0178,0.0,0.21428571428571427,0.0,-0.00533606977937402,0.0,-0.0031000000000000003
澳门特别行政区,2021,2023,56,56,68,0.953,0.953,0.9432,-0.0251,-0.0251,-0.0288,0.0,0.21428571428571427,0.0,-0.01028331584470086,0.0,-0.0036999999999999984
澳门特别行政区,2021,2024,56,56,68,1.0086,1.0086,0.997,0.0083,0.0083,0.0015,0.0,0.21428571428571427,0.0,-0.01150109062066225,0.0,-0.0068000000000000005
澳门特别行政区,2021,2025,56,56,68,1.1053,1.1053,1.0908,0.0551,0.0551,0.0452,0.0,0.21428571428571427,0.0,-0.013118610332036514,0.0,-0.009900000000000006
澳门特别行政区,2022,2023,56,56,68,0.9779,0.9779,0.973,-0.0104,-0.0104,-0.011,0.0,0.21428571428571427,0.0,-0.005010737294201877,0.0,-0.0005999999999999998
澳门特别行政区,2022,2024,56,56,68,1.0349,1.0349,1.0286,0.023,0.023,0.0193,0.0,0.21428571428571427,0.0,-0.006087544690308216,0.0,-0.0036999999999999984
澳门特别行政区,2022,2025,56,56,68,1.1342,1.1342,1.1253,0.0698,0.0698,0.063,0.0,0.21428571428571427,0.0,-0.007846940574854636,0.0,-0.0068000000000000005
澳门特别行政区,2023,2024,56,56,68,1.0583,1.0583,1.0571,0.0334,0.0334,0.0303,0.0,0.21428571428571427,0.0,-0.0011338939809128696,0.0,-0.0030999999999999986
澳门特别行政区,2023,2025,56,56,68,1.1599,1.1599,1.1566,0.0802,0.0802,0.074,0.0,0.21428571428571427,0.0,-0.002845072851107732,0.0,-0.006199999999999997
澳门特别行政区,2024,2025,56,56,68,1.0959,1.0959,1.0941,0.0468,0.0468,0.0437,0.0,0.21428571428571427,0.0,-0.0016424856282507745,0.0,-0.0030999999999999986
甘肃省,2021,2022,9013,9013,9011,1.0291,1.0291,1.0291,0.0539,0.0539,0.0539,0.0,-0.00022190169754798624,0.0,0.0,0.0,0.0
甘肃省,2021,2023,9459,9459,9455,1.1194,1.1194,1.1194,0.1003,0.1003,0.1003,0.0,-0.0004228776826302992,0.0,0.0,0.0,0.0
甘肃省,2021,2024,9822,9822,9820,1.1176,1.1176,1.1177,0.124,0.124,0.124,0.0,-0.00020362451639177357,0.0,8.947745168216625e-05,0.0,0.0
甘肃省,2021,2025,9897,9897,9893,1.1773,1.1773,1.1772,0.1346,0.1346,0.1345,0.0,-0.0004041628776396888,0.0,-8.49401172173524e-05,0.0,-9.999999999998899e-05
甘肃省,2022,2023,9447,9447,9444,1.0858,1.0858,1.0858,0.038,0.038,0.038,0.0,-0.00031756113051762465,0.0,0.0,0.0,0.0
甘肃省,2022,2024,9955,9955,9955,1.0832,1.0832,1.0833,0.0588,0.0588,0.0588,0.0,0.0,0.0,9.23190546528702e-05,0.0,0.0
甘肃省,2022,2025,10136,10136,10134,1.1405,1.1405,1.1405,0.0686,0.0686,0.0685,0.0,-0.0001973164956590371,0.0,0.0,0.0,-9.999999999998899e-05
甘肃省,2023,2024,9677,9677,9674,0.9978,0.9978,0.9978,0.0208,0.0208,0.0208,0.0,-0.0003100134339154697,0.0,0.0,0.0,0.0
甘肃省,2023,2025,9974,9974,9969,1.0509,1.0509,1.0509,0.0323,0.0323,0.0322,0.0,-0.0005013033888109083,0.0,0.0,0.0,-0.00010000000000000286
甘肃省,2024,2025,9842,9842,9839,1.0539,1.0539,1.0539,0.0142,0.0142,0.0142,0.0,-0.0003048160942897785,0.0,0.0,0.0,0.0
福建省,2021,2022,26049,26049,26143,1.0364,1.0364,1.0363,0.0221,0.0221,0.0221,0.0,0.003608583822795501,0.0,-9.648784253183037e-05,0.0,0.0
福建省,2021,2023,26838,26838,26937,1.0773,1.0773,1.0779,0.0449,0.0449,0.045,0.0,0.003688799463447351,0.0,0.0005569479253691228,0.0,9.999999999999593e-05
福建省,2021,2024,27456,27456,27558,1.0991,1.0991,1.1002,0.0541,0.0541,0.0543,0.0,0.003715034965034965,0.0,0.0010008188517879183,0.0,0.0001999999999999988
福建省,2021,2025,27682,27682,27786,1.1689,1.1689,1.1704,0.0745,0.0745,0.0747,0.0,0.003756953977313778,0.0,0.0012832577637095191,0.0,0.00020000000000000573
福建省,2022,2023,26701,26701,26796,1.0393,1.0393,1.04,0.0224,0.0224,0.0225,0.0,0.0035579191790569642,0.0,0.000673530260752569,0.0,9.99999999999994e-05
福建省,2022,2024,27386,27386,27485,1.0602,1.0602,1.0613,0.0309,0.0309,0.0311,0.0,0.0036149857591470094,0.0,0.0010375400867759657,0.0,0.0001999999999999988
福建省,2022,2025,27696,27696,27797,1.1276,1.1276,1.1291,0.0517,0.0517,0.0519,0.0,0.003646735990756788,0.0,0.001330258957077028,0.0,0.0001999999999999988
福建省,2023,2024,27273,27273,27371,1.0199,1.0199,1.0203,0.0077,0.0077,0.0077,0.0,0.0035932974003593295,0.0,0.00039219531326596327,0.0,0.0
福建省,2023,2025,27694,27694,27792,1.0848,1.0848,1.0855,0.0289,0.0289,0.029,0.0,0.0035386726366722033,0.0,0.0006452802359881296,0.0,0.00010000000000000286
福建省,2024,2025,27467,27467,27563,1.0637,1.0637,1.0639,0.0214,0.0214,0.0215,0.0,0.003495103214766811,0.0,0.0001880229387985127,0.0,9.99999999999994e-05
西藏自治区,2021,2022,1912,1912,1911,1.0362,1.0362,1.0362,0.0914,0.0914,0.0913,0.0,-0.0005230125523012552,0.0,0.0,0.0,-9.999999999998899e-05
西藏自治区,2021,2023,2059,2059,2058,1.1074,1.1074,1.1074,0.1418,0.1418,0.1428,0.0,-0.00048567265662943174,0.0,0.0,0.0,0.0010000000000000009
西藏自治区,2021,2024,2361,2361,2361,1.2804,1.2804,1.2799,0.2591,0.2591,0.2602,0.0,0.0,0.0,-0.00039050296782251244,0.0,0.0010999999999999899
西藏自治区,2021,2025,2552,2552,2548,1.5816,1.5816,1.5803,0.3598,0.3598,0.3594,0.0,-0.001567398119122257,0.0,-0.0008219524532118468,0.0,-0.00040000000000001146
西藏自治区,2022,2023,2045,2045,2045,1.067,1.067,1.0671,0.0465,0.0465,0.0475,0.0,0.0,0.0,9.3720712277403e-05,0.0,0.0010000000000000009
西藏自治区,2022,2024,2367,2367,2367,1.2308,1.2308,1.2304,0.1605,0.1605,0.1618,0.0,0.0,0.0,-0.00032499187520308416,0.0,0.0012999999999999956
西藏自治区,2022,2025,2571,2571,2567,1.5201,1.5201,1.5189,0.2653,0.2653,0.2649,0.0,-0.0015558148580318942,0.0,-0.0007894217485692322,0.0,-0.00039999999999995595
西藏自治区,2023,2024,2329,2329,2331,1.1513,1.1513,1.1508,0.106,0.106,0.1057,0.0,0.0008587376556462001,0.0,-0.0004342916702857161,0.0,-0.0002999999999999947
西藏自治区,2023,2025,2554,2554,2552,1.4218,1.4218,1.4206,0.2132,0.2132,0.2118,0.0,-0.0007830853563038371,0.0,-0.0008440005626669489,0.0,-0.0014000000000000123
西藏自治区,2024,2025,2574,2574,2573,1.2318,1.2318,1.2314,0.0949,0.0949,0.094,0.0,-0.0003885003885003885,0.0,-0.0003247280402662412,0.0,-0.000899999999999998
贵州省,2021,2022,12224,12224,12223,0.9391,0.9391,0.939,-0.0007,-0.0007,-0.0008,0.0,-8.18062827225131e-05,0.0,-0.00010648493238217443,0.0,-0.00010000000000000005
贵州省,2021,2023,12507,12507,12506,0.94,0.94,0.9399,0.0004,0.0004,0.0004,0.0,-7.995522507395858e-05,0.0,-0.00010638297872339254,0.0,0.0
贵州省,2021,2024,12983,12983,12983,0.9754,0.9754,0.9754,0.0239,0.0239,0.0239,0.0,0.0,0.0,0.0,0.0,0.0
贵州省,2021,2025,12890,12890,12890,0.9864,0.9864,0.9863,0.0184,0.0184,0.0184,0.0,0.0,0.0,-0.00010137875101388889,0.0,0.0
贵州省,2022,2023,12300,12300,12295,1.0009,1.0009,1.0009,0.0015,0.0015,0.0015,0.0,-0.0004065040650406504,0.0,0.0,0.0,0.0
贵州省,2022,2024,12904,12904,12900,1.0379,1.0379,1.038,0.0231,0.0231,0.0232,0.0,-0.00030998140111593303,0.0,9.634839579919933e-05,0.0,9.99999999999994e-05
贵州省,2022,2025,12896,12896,12892,1.0499,1.0499,1.05,0.0182,0.0182,0.0183,0.0,-0.00031017369727047146,0.0,9.52471663967892e-05,0.0,9.99999999999994e-05
贵州省,2023,2024,12531,12531,12530,1.0369,1.0369,1.0369,0.0204,0.0204,0.0204,0.0,-7.980209081477934e-05,0.0,0.0,0.0,0.0
贵州省,2023,2025,12641,12641,12640,1.0498,1.0498,1.0497,0.0191,0.0191,0.0191,0.0,-7.910766553279013e-05,0.0,-9.525623928366258e-05,0.0,0.0
贵州省,2024,2025,12604,12604,12603,1.0129,1.0129,1.0128,0.0006,0.0006,0.0006,0.0,-7.933989209774674e-05,0.0,-9.872642906504985e-05,0.0,0.0
辽宁省,2021,2022,18948,18948,18944,1.0076,1.0076,1.0076,0.0138,0.0138,0.0138,0.0,-0.00021110407430863416,0.0,0.0,0.0,0.0
辽宁省,2021,2023,20328,20328,20329,1.0185,1.0185,1.0189,0.0408,0.0408,0.0408,0.0,4.919323101141283e-05,0.0,0.0003927344133529268,0.0,0.0
辽宁省,2021,2024,20665,20665,20666,1.0536,1.0536,1.054,0.055,0.055,0.055,0.0,4.839099927413501e-05,0.0,0.0003796507213363287,0.0,0.0
辽宁省,2021,2025,20521,20521,20524,1.0753,1.0753,1.0755,0.0587,0.0587,0.0587,0.0,0.00014619170605720968,0.0,0.000185994606156401,0.0,0.0
辽宁省,2022,2023,20187,20187,20187,1.0101,1.0101,1.0105,0.025,0.025,0.0251,0.0,0.0,0.0,0.0003960003960003524,0.0,9.99999999999994e-05
辽宁省,2022,2024,20642,20642,20643,1.045,1.045,1.0453,0.0393,0.0393,0.0394,0.0,4.8444918128088367e-05,0.0,0.00028708133971288706,0.0,9.999999999999593e-05
辽宁省,2022,2025,20537,20537,20539,1.0665,1.0665,1.0667,0.0426,0.0426,0.0427,0.0,9.738520718702829e-05,0.0,0.00018752930145333143,0.0,0.00010000000000000286
辽宁省,2023,2024,20897,20897,20896,1.0341,1.0341,1.0342,0.0135,0.0135,0.0135,0.0,-4.78537589127626e-05,0.0,9.670244657188762e-05,0.0,0.0
辽宁省,2023,2025,21109,21109,21111,1.0551,1.0551,1.0549,0.0157,0.0157,0.0158,0.0,9.474631673693685e-05,0.0,-0.00018955549237037057,0.0,0.00010000000000000286
辽宁省,2024,2025,20709,20709,20712,1.0206,1.0206,1.0204,0.0032,0.0032,0.0032,0.0,0.00014486455164421265,0.0,-0.00019596315892610031,0.0,0.0
重庆市,2021,2022,10221,10221,10220,1.076,1.076,1.076,0.0588,0.0588,0.0587,0.0,-9.783778495254867e-05,0.0,0.0,0.0,-9.999999999999593e-05
重庆市,2021,2023,10405,10405,10404,1.0619,1.0619,1.062,0.0646,0.0646,0.0647,0.0,-9.610764055742432e-05,0.0,9.417082587813258e-05,0.0,9.999999999998899e-05
重庆市,2021,2024,10562,10562,10560,1.0786,1.0786,1.0786,0.071,0.071,0.0708,0.0,-0.0001893580761219466,0.0,0.0,0.0,-0.00019999999999999185
重庆市,2021,2025,10465,10465,10464,1.0978,1.0978,1.0978,0.0673,0.0673,0.0672,0.0,-9.555661729574773e-05,0.0,0.0,0.0,-0.00010000000000000286
重庆市,2022,2023,10545,10545,10545,0.9868,0.9868,0.9868,0.0054,0.0054,0.0054,0.0,0.0,0.0,0.0,0.0,0.0
重庆市,2022,2024,10804,10804,10804,1.0023,1.0023,1.0022,0.0122,0.0122,0.0121,0.0,0.0,0.0,-9.977052778608101e-05,0.0,-0.00010000000000000113
重庆市,2022,2025,10826,10826,10827,1.0197,1.0197,1.0197,0.0066,0.0066,0.0064,0.0,9.237021984112322e-05,0.0,0.0,0.0,-0.00019999999999999966
重庆市,2023,2024,10634,10634,10632,1.0156,1.0156,1.0156,0.0062,0.0062,0.0062,0.0,-0.0001880759826970096,0.0,0.0,0.0,0.0
重庆市,2023,2025,10710,10710,10709,1.0337,1.0337,1.0337,0.0023,0.0023,0.0023,0.0,-9.337068160597572e-05,0.0,0.0,0.0,0.0
重庆市,2024,2025,10553,10553,10552,1.0184,1.0184,1.0184,-0.0005,-0.0005,-0.0005,0.0,-9.47597839476926e-05,0.0,0.0,0.0,0.0
陕西省,2021,2022,18718,18718,18721,1.0499,1.0499,1.0499,0.046,0.046,0.0459,0.0,0.0001602735334971685,0.0,0.0,0.0,-9.999999999999593e-05
陕西省,2021,2023,19443,19443,19449,1.1033,1.1033,1.1032,0.0679,0.0679,0.0679,0.0,0.00030859435272334514,0.0,-9.0637179370968e-05,0.0,0.0
陕西省,2021,2024,19935,19935,19938,1.1254,1.1254,1.1253,0.0835,0.0835,0.0833,0.0,0.00015048908954100828,0.0,-8.885729518392482e-05,0.0,-0.00020000000000000573
陕西省,2021,2025,20126,20126,20130,1.162,1.162,1.1621,0.0907,0.0907,0.0906,0.0,0.00019874788830368678,0.0,8.605851979345008e-05,0.0,-0.00010000000000000286
陕西省,2022,2023,19631,19631,19638,1.0499,1.0499,1.0498,0.018,0.018,0.018,0.0,0.00035657888034231573,0.0,-9.52471663967892e-05,0.0,0.0
陕西省,2022,2024,20309,20309,20312,1.0705,1.0705,1.0704,0.0321,0.0321,0.0321,0.0,0.00014771776059874933,0.0,-9.341429238672488e-05,0.0,0.0
陕西省,2022,2025,20582,20582,20585,1.1049,1.1049,1.1049,0.038,0.038,0.038,0.0,0.00014575842969585074,0.0,0.0,0.0,0.0
陕西省,2023,2024,19914,19914,19917,1.0196,1.0196,1.0196,0.0128,0.0128,0.0127,0.0,0.00015064778547755348,0.0,0.0,0.0,-0.00010000000000000113
陕西省,2023,2025,20395,20395,20399,1.0525,1.0525,1.0526,0.0199,0.0199,0.0199,0.0,0.00019612650159352783,0.0,9.50118764845501e-05,0.0,0.0
陕西省,2024,2025,20010,20010,20011,1.0326,1.0326,1.0327,0.0081,0.0081,0.0081,0.0,4.9975012493753125e-05,0.0,9.684292078248013e-05,0.0,0.0
青海省,2021,2022,3043,3043,3046,1.0095,1.0095,1.0095,0.0314,0.0314,0.0314,0.0,0.000985869208018403,0.0,0.0,0.0,0.0
青海省,2021,2023,3168,3168,3171,1.0501,1.0501,1.0501,0.0549,0.0549,0.0548,0.0,0.000946969696969697,0.0,0.0,0.0,-9.999999999999593e-05
青海省,2021,2024,3397,3397,3398,1.1011,1.1011,1.1009,0.1104,0.1104,0.1101,0.0,0.00029437739181630853,0.0,-0.0001816365452728889,0.0,-0.0002999999999999947
青海省,2021,2025,3468,3468,3471,1.137,1.137,1.137,0.1396,0.1396,0.1398,0.0,0.0008650519031141869,0.0,0.0,0.0,0.00020000000000000573
青海省,2022,2023,3146,3146,3149,1.0399,1.0399,1.0399,0.023,0.023,0.023,0.0,0.0009535918626827717,0.0,0.0,0.0,0.0
青海省,2022,2024,3395,3395,3395,1.0897,1.0897,1.0895,0.0768,0.0768,0.0764,0.0,0.0,0.0,-0.00018353675323481508,0.0,-0.0003999999999999976
青海省,2022,2025,3514,3514,3516,1.125,1.125,1.1249,0.1047,0.1047,0.1048,0.0,0.0005691519635742744,0.0,-8.88888888888791e-05,0.0,0.00010000000000000286
青海省,2023,2024,3298,3298,3299,1.0471,1.0471,1.0469,0.0499,0.0499,0.0495,0.0,0.00030321406913280777,0.0,-0.00019100372457260816,0.0,-0.0003999999999999976
青海省,2023,2025,3459,3459,3462,1.0813,1.0813,1.0812,0.0778,0.0778,0.0779,0.0,0.0008673026886383347,0.0,-9.24812725423e-05,0.0,0.00010000000000000286
青海省,2024,2025,3418,3418,3419,1.0324,1.0324,1.0324,0.0267,0.0267,0.0269,0.0,0.0002925687536571094,0.0,0.0,0.0,0.0001999999999999988
香港特别行政区,2021,2022,1342,1342,1356,1.0153,1.0153,1.0174,-0.0096,-0.0096,-0.009,0.0,0.010432190760059613,0.0,0.0020683541810302282,0.0,0.0005999999999999998
香港特别行政区,2021,2023,1342,1342,1356,0.952,0.952,0.9521,-0.0213,-0.0213,-0.0215,0.0,0.010432190760059613,0.0,0.00010504201680671112,0.0,-0.0001999999999999988
香港特别行政区,2021,2024,1348,1348,1362,0.9298,0.9298,0.9288,-0.0233,-0.0233,-0.0243,0.0,0.010385756676557863,0.0,-0.0010755001075500117,0.0,-0.0009999999999999974
香港特别行政区,2021,2025,1341,1341,1355,0.9586,0.9586,0.9561,-0.0218,-0.0218,-0.0231,0.0,0.010439970171513796,0.0,-0.002607969956186165,0.0,-0.001299999999999999
香港特别行政区,2022,2023,1333,1333,1343,0.9377,0.9377,0.9358,-0.0118,-0.0118,-0.0126,0.0,0.007501875468867217,0.0,-0.002026234403327304,0.0,-0.0008000000000000004
香港特别行政区,2022,2024,1342,1342,1352,0.9158,0.9158,0.913,-0.0138,-0.0138,-0.0153,0.0,0.007451564828614009,0.0,-0.0030574361214237974,0.0,-0.0014999999999999996
香港特别行政区,2022,2025,1332,1332,1342,0.9441,0.9441,0.9398,-0.012,-0.012,-0.0138,0.0,0.0075075075075075074,0.0,-0.004554602266709121,0.0,-0.0017999999999999995
香港特别行政区,2023,2024,1343,1343,1352,0.9766,0.9766,0.9755,-0.002,-0.002,-0.0028,0.0,0.006701414743112435,0.0,-0.0011263567479008702,0.0,-0.0007999999999999999
香港特别行政区,2023,2025,1334,1334,1342,1.0069,1.0069,1.0042,-0.0002,-0.0002,-0.0011,0.0,0.005997001499250375,0.0,-0.0026814976661038085,0.0,-0.0009000000000000001
香港特别行政区,2024,2025,1342,1342,1349,1.0309,1.0309,1.0294,0.0018,0.0018,0.0016,0.0,0.005216095380029807,0.0,-0.0014550392860605635,0.0,-0.00019999999999999987
黑龙江省,2021,2022,9837,9837,9874,0.9722,0.9722,0.9721,-0.0131,-0.0131,-0.013,0.0,0.0037613093422791503,0.0,-0.00010285949393127854,0.0,0.00010000000000000113
黑龙江省,2021,2023,10717,10717,10755,1.0361,1.0361,1.0357,0.0533,0.0533,0.0531,0.0,0.0035457684053373144,0.0,-0.00038606312132029335,0.0,-0.0001999999999999988
黑龙江省,2021,2024,10920,10920,10959,1.0828,1.0828,1.0825,0.0816,0.0816,0.0814,0.0,0.0035714285714285713,0.0,-0.00027705947543402935,0.0,-0.00020000000000000573
黑龙江省,2021,2025,11630,11630,11669,1.2942,1.2942,1.2933,0.1719,0.1719,0.1713,0.0,0.003353396388650043,0.0,-0.0006954102920724176,0.0,-0.0005999999999999894
黑龙江省,2022,2023,10343,10343,10379,1.065,1.065,1.0647,0.0627,0.0627,0.0626,0.0,0.0034806149086338586,0.0,-0.00028169014084503943,0.0,-0.00010000000000000286
黑龙江省,2022,2024,10621,10621,10659,1.1133,1.1133,1.1131,0.091,0.091,0.0908,0.0,0.0035778175313059034,0.0,-0.0001796460971885188,0.0,-0.00019999999999999185
黑龙江省,2022,2025,11389,11389,11426,1.3311,1.3311,1.3304,0.1828,0.1828,0.1822,0.0,0.0032487487926947055,0.0,-0.000525880850424403,0.0,-0.0005999999999999894
黑龙江省,2023,2024,10883,10883,10924,1.0439,1.0439,1.0439,0.0171,0.0171,0.017,0.0,0.003767343563355692,0.0,0.0,0.0,-9.99999999999994e-05
黑龙江省,2023,2025,11678,11678,11718,1.2458,1.2458,1.2454,0.0974,0.0974,0.0969,0.0,0.0034252440486384657,0.0,-0.0003210788248514657,0.0,-0.0005000000000000004
黑龙江省,2024,2025,11419,11419,11457,1.1931,1.1931,1.1926,0.074,0.074,0.0737,0.0,0.0033277870216306157,0.0,-0.00041907635571196455,0.0,-0.0002999999999999947
