province,adcode,base_year,cmp_year,valid_px,mean_log_delta,median_log_delta,p10_log_delta,p90_log_delta,brighter_pct,dimmer_pct,sum_ratio
北京市,110000,2021,2022,10607,0.0206,0.0107,-0.0392,0.0866,20.2,7.1,1.0368
北京市,110000,2021,2023,10729,0.0312,0.0171,-0.0555,0.127,29.69,11.28,1.0388
北京市,110000,2021,2024,10754,0.0326,0.0188,-0.079,0.1609,33.82,16.86,1.0439
北京市,110000,2021,2025,10801,0.0482,0.0303,-0.0862,0.1993,41.27,17.43,1.0894
北京市,110000,2022,2023,10743,0.0104,0.0035,-0.0491,0.0694,15.77,9.68,1.0018
北京市,110000,2022,2024,10789,0.0118,0.003,-0.0809,0.115,24.19,18.78,1.0067
北京市,110000,2022,2025,10840,0.027,0.0149,-0.094,0.1598,33.14,19.67,1.0505
北京市,110000,2023,2024,10790,0.0013,-0.0026,-0.0583,0.0677,14.19,12.7,1.0049
北京市,110000,2023,2025,10857,0.0168,0.006,-0.0782,0.1189,25.5,17.57,1.0487
北京市,110000,2024,2025,10778,0.0151,0.006,-0.0407,0.0782,17.26,7.08,1.0436
天津市,120000,2021,2022,10523,0.0057,-0.0061,-0.0636,0.0786,15.62,15.39,1.0208
天津市,120000,2021,2023,10836,0.0182,0.0044,-0.0839,0.1267,24.97,19.3,1.0278
天津市,120000,2021,2024,10886,0.0154,0.0004,-0.1101,0.141,26.34,25.43,1.0197
天津市,120000,2021,2025,10976,0.0287,0.0108,-0.1161,0.1739,32.53,24.15,1.0685
天津市,120000,2022,2023,10784,0.0122,0.0067,-0.0527,0.0763,17.92,10.98,1.0068
天津市,120000,2022,2024,10850,0.0092,0.0011,-0.0893,0.0988,22.16,20.87,0.9988
天津市,120000,2022,2025,10940,0.0226,0.0124,-0.0982,0.1298,29.19,20.42,1.0467
天津市,120000,2023,2024,10913,-0.0034,-0.008,-0.0662,0.0546,11.06,15.73,0.992
天津市,120000,2023,2025,11023,0.0097,0.0013,-0.0827,0.0971,20.95,18.4,1.0395
天津市,120000,2024,2025,10948,0.0132,0.0073,-0.0474,0.0717,16.71,9.37,1.0479
河北省,130000,2021,2022,42571,0.0181,0.0111,-0.0758,0.1141,26.58,16.41,1.0303
河北省,130000,2021,2023,45763,0.0498,0.0383,-0.0803,0.1882,44.22,15.65,1.0961
河北省,130000,2021,2024,46684,0.0611,0.0472,-0.0991,0.2293,48.84,18.08,1.1365
河北省,130000,2021,2025,47837,0.0774,0.0622,-0.1083,0.2725,54.15,18.14,1.1899
河北省,130000,2022,2023,45471,0.0307,0.0215,-0.0552,0.1217,30.39,11.17,1.0631
河北省,130000,2022,2024,46734,0.0418,0.0294,-0.0891,0.1787,39.63,17.58,1.1022
河北省,130000,2022,2025,47982,0.0575,0.0441,-0.1039,0.2272,47.54,18.5,1.1537
河北省,130000,2023,2024,47007,0.0103,0.0033,-0.072,0.0938,20.69,15.97,1.0364
河北省,130000,2023,2025,48511,0.0257,0.0157,-0.098,0.1523,32.93,20.0,1.0846
河北省,130000,2024,2025,47724,0.0157,0.0092,-0.0589,0.0918,21.78,12.42,1.0467
山西省,140000,2021,2022,19024,0.0421,0.0217,-0.0744,0.1779,36.38,15.65,1.0489
山西省,140000,2021,2023,20288,0.0817,0.0487,-0.0997,0.2992,49.55,18.06,1.1055
山西省,140000,2021,2024,20987,0.1016,0.0621,-0.1282,0.3748,53.59,20.52,1.1353
山西省,140000,2021,2025,21776,0.1343,0.0949,-0.1293,0.4398,61.22,18.61,1.2309
山西省,140000,2022,2023,20255,0.0359,0.0169,-0.0774,0.1592,32.01,15.91,1.0528
山西省,140000,2022,2024,21173,0.0542,0.0234,-0.1235,0.2687,40.79,23.28,1.0808
山西省,140000,2022,2025,21966,0.0861,0.0519,-0.1315,0.347,50.59,21.7,1.1714
山西省,140000,2023,2024,21022,0.0176,-0.0001,-0.0987,0.1485,26.56,22.27,1.0262
山西省,140000,2023,2025,21939,0.0512,0.026,-0.1204,0.2538,40.57,22.84,1.1125
山西省,140000,2024,2025,21600,0.0342,0.0186,-0.0705,0.1523,31.87,14.66,1.0841
内蒙古自治区,150000,2021,2022,14638,0.0693,0.0303,-0.0915,0.2598,41.97,17.93,1.0662
内蒙古自治区,150000,2021,2023,16062,0.1448,0.0783,-0.1116,0.4671,58.21,17.22,1.1955
内蒙古自治区,150000,2021,2024,16875,0.1849,0.1063,-0.1399,0.6078,63.17,18.35,1.2682
内蒙古自治区,150000,2021,2025,17290,0.2143,0.1287,-0.1585,0.7378,65.99,18.31,1.3518
内蒙古自治区,150000,2022,2023,15979,0.0655,0.0363,-0.0911,0.2458,43.83,16.85,1.1188
内蒙古自治区,150000,2022,2024,17005,0.1077,0.06,-0.1466,0.404,53.04,21.43,1.1869
内蒙古自治区,150000,2022,2025,17534,0.1387,0.0805,-0.1789,0.5294,57.62,22.46,1.265
内蒙古自治区,150000,2023,2024,16945,0.036,0.015,-0.1209,0.2139,34.59,22.96,1.0598
内蒙古自治区,150000,2023,2025,17705,0.067,0.0284,-0.1777,0.3523,43.05,27.21,1.1293
内蒙古自治区,150000,2024,2025,17340,0.0311,0.0059,-0.1124,0.1867,30.56,23.17,1.0658
辽宁省,210000,2021,2022,18948,0.0138,0.0011,-0.0804,0.116,23.46,18.47,1.0076
辽宁省,210000,2021,2023,20328,0.0408,0.0244,-0.0983,0.1926,39.17,19.89,1.0185
辽宁省,210000,2021,2024,20665,0.055,0.0295,-0.1176,0.2546,42.46,22.39,1.0536
辽宁省,210000,2021,2025,20521,0.0587,0.0275,-0.1414,0.296,43.01,25.82,1.0753
辽宁省,210000,2022,2023,20187,0.025,0.0163,-0.0672,0.1173,31.53,14.79,1.0101
辽宁省,210000,2022,2024,20642,0.0393,0.0213,-0.1002,0.1912,37.27,21.57,1.045
辽宁省,210000,2022,2025,20537,0.0426,0.0195,-0.1273,0.2385,38.94,25.78,1.0665
辽宁省,210000,2023,2024,20897,0.0135,-0.0016,-0.0768,0.1044,20.87,18.36,1.0341
辽宁省,210000,2023,2025,21109,0.0157,-0.0058,-0.1175,0.1626,27.22,27.96,1.0551
辽宁省,210000,2024,2025,20709,0.0032,-0.0061,-0.0767,0.0868,17.43,18.28,1.0206
吉林省,220000,2021,2022,8997,-0.0113,-0.0074,-0.1619,0.1344,24.8,29.17,0.9769
吉林省,220000,2021,2023,9694,0.0333,0.0154,-0.1809,0.2615,38.7,27.64,1.0044
吉林省,220000,2021,2024,9735,0.033,0.0162,-0.2454,0.3249,41.06,32.56,1.0539
吉林省,220000,2021,2025,9944,0.0517,0.027,-0.27,0.4221,44.51,32.66,1.0816
吉林省,220000,2022,2023,9419,0.0412,0.0201,-0.0981,0.1894,37.33,19.47,1.0275
吉林省,220000,2022,2024,9566,0.0423,0.0254,-0.1914,0.2791,42.04,27.41,1.0784
吉林省,220000,2022,2025,9796,0.0616,0.0334,-0.214,0.3878,45.82,29.79,1.1068
吉林省,220000,2023,2024,9641,0.0022,-0.0054,-0.1438,0.1409,23.94,28.8,1.0496
吉林省,220000,2023,2025,9943,0.0192,-0.0026,-0.1792,0.2491,32.86,33.11,1.0768
吉林省,220000,2024,2025,9471,0.0205,0.0001,-0.0965,0.1476,26.04,20.88,1.0266
黑龙江省,230000,2021,2022,9837,-0.0131,-0.0161,-0.1787,0.1445,24.52,35.37,0.9722
黑龙江省,230000,2021,2023,10717,0.0533,0.0194,-0.1643,0.2817,39.95,27.69,1.0361
黑龙江省,230000,2021,2024,10920,0.0816,0.0199,-0.2056,0.3962,41.65,31.2,1.0828
黑龙江省,230000,2021,2025,11630,0.1719,0.0529,-0.2022,0.6853,50.78,27.96,1.2942
黑龙江省,230000,2022,2023,10343,0.0627,0.0334,-0.0819,0.1995,42.89,16.57,1.065
黑龙江省,230000,2022,2024,10621,0.091,0.0344,-0.1329,0.336,45.04,24.52,1.1133
黑龙江省,230000,2022,2025,11389,0.1828,0.0643,-0.1403,0.6037,53.68,22.29,1.3311
黑龙江省,230000,2023,2024,10883,0.0171,-0.0072,-0.1224,0.1608,25.34,28.68,1.0439
黑龙江省,230000,2023,2025,11678,0.0974,0.0173,-0.1403,0.3923,38.94,27.21,1.2458
黑龙江省,230000,2024,2025,11419,0.074,0.0182,-0.0895,0.2535,34.28,18.07,1.1931
上海市,310000,2021,2022,8753,0.0143,0.0062,-0.0351,0.0688,15.59,5.1,1.0098
上海市,310000,2021,2023,8857,0.0295,0.0171,-0.0453,0.118,28.24,8.69,1.0304
上海市,310000,2021,2024,8823,0.0241,0.0158,-0.0778,0.1335,31.29,17.26,1.0225
上海市,310000,2021,2025,8925,0.0412,0.0264,-0.082,0.1732,38.99,17.13,1.0524
上海市,310000,2022,2023,8861,0.0148,0.0087,-0.0378,0.0728,16.63,6.17,1.0204
上海市,310000,2022,2024,8851,0.0092,0.0066,-0.0751,0.0972,22.23,16.9,1.0126
上海市,310000,2022,2025,8941,0.0264,0.0185,-0.0827,0.1371,31.7,17.73,1.0421
上海市,310000,2023,2024,8883,-0.0062,-0.0035,-0.0655,0.0521,10.63,14.33,0.9923
上海市,310000,2023,2025,8978,0.0114,0.006,-0.0746,0.0953,21.69,16.05,1.0213
上海市,310000,2024,2025,8925,0.0168,0.0073,-0.0337,0.066,14.73,5.64,1.0291
江苏省,320000,2021,2022,60603,0.015,0.0067,-0.07,0.1008,22.57,15.2,1.0181
江苏省,320000,2021,2023,63247,0.0429,0.0302,-0.0712,0.1652,38.91,14.16,1.0757
江苏省,320000,2021,2024,64412,0.0527,0.0371,-0.0851,0.2041,44.19,16.56,1.0954
江苏省,320000,2021,2025,66151,0.0757,0.0581,-0.0854,0.2506,53.08,15.86,1.1425
江苏省,320000,2022,2023,62802,0.0274,0.0186,-0.044,0.1044,26.75,8.66,1.0563
江苏省,320000,2022,2024,64162,0.0371,0.0239,-0.0691,0.1531,35.4,14.15,1.0757
江苏省,320000,2022,2025,65969,0.06,0.0438,-0.0714,0.2022,46.91,14.0,1.1217
江苏省,320000,2023,2024,64308,0.0091,0.0019,-0.0541,0.0758,16.67,11.31,1.0181
江苏省,320000,2023,2025,66220,0.0316,0.0188,-0.0659,0.1346,31.37,13.95,1.0616
江苏省,320000,2024,2025,65688,0.0225,0.0143,-0.0405,0.084,20.47,7.45,1.0427
浙江省,330000,2021,2022,48403,0.0379,0.0233,-0.0441,0.1318,32.57,8.52,1.0611
浙江省,330000,2021,2023,51228,0.0861,0.0628,-0.0351,0.2307,56.32,7.28,1.1496
浙江省,330000,2021,2024,52509,0.1062,0.0796,-0.043,0.2859,61.82,8.81,1.1888
浙江省,330000,2021,2025,52790,0.1256,0.094,-0.0416,0.3302,65.96,8.83,1.2507
浙江省,330000,2022,2023,51187,0.0475,0.0327,-0.0292,0.1329,37.46,5.18,1.083
浙江省,330000,2022,2024,52597,0.068,0.0468,-0.0459,0.2044,48.27,9.11,1.12
浙江省,330000,2022,2025,52931,0.0876,0.0602,-0.0487,0.2526,54.69,9.76,1.1783
浙江省,330000,2023,2024,52823,0.0193,0.0088,-0.0485,0.095,21.56,9.57,1.0338
浙江省,330000,2023,2025,53301,0.039,0.0197,-0.0593,0.1531,32.95,12.45,1.0876
浙江省,330000,2024,2025,53310,0.0195,0.0083,-0.0424,0.0832,18.82,7.63,1.052
安徽省,340000,2021,2022,26672,0.0155,0.0037,-0.109,0.1463,27.52,23.73,1.0049
安徽省,340000,2021,2023,28954,0.0575,0.0374,-0.1295,0.2556,45.66,22.46,1.0596
安徽省,340000,2021,2024,30181,0.0807,0.05,-0.1409,0.3313,50.02,23.84,1.0834
安徽省,340000,2021,2025,30360,0.0897,0.0604,-0.1589,0.3706,52.6,24.74,1.099
安徽省,340000,2022,2023,28623,0.0395,0.0276,-0.0729,0.1558,37.38,14.55,1.0533
安徽省,340000,2022,2024,30005,0.0627,0.0377,-0.1051,0.2536,45.1,19.64,1.0769
安徽省,340000,2022,2025,30252,0.0719,0.0457,-0.1262,0.2962,48.61,21.98,1.0925
安徽省,340000,2023,2024,30175,0.0207,0.0038,-0.0784,0.1293,25.47,18.16,1.0216
安徽省,340000,2023,2025,30693,0.0301,0.0074,-0.112,0.1923,33.0,24.56,1.0363
安徽省,340000,2024,2025,30463,0.0096,0.0005,-0.0743,0.0998,20.79,17.0,1.0145
福建省,350000,2021,2022,26049,0.0221,0.0083,-0.0747,0.1272,27.27,16.24,1.0364
福建省,350000,2021,2023,26838,0.0449,0.0279,-0.0904,0.1955,40.15,18.3,1.0773
福建省,350000,2021,2024,27456,0.0541,0.0319,-0.1146,0.2406,43.53,21.85,1.0991
福建省,350000,2021,2025,27682,0.0745,0.0509,-0.1194,0.297,50.29,20.1,1.1689
福建省,350000,2022,2023,26701,0.0224,0.0147,-0.0685,0.1168,28.67,14.87,1.0393
福建省,350000,2022,2024,27386,0.0309,0.0174,-0.1019,0.1743,35.37,21.32,1.0602
福建省,350000,2022,2025,27696,0.0517,0.0351,-0.1124,0.2365,44.16,20.54,1.1276
福建省,350000,2023,2024,27273,0.0077,-0.0017,-0.0764,0.0995,20.79,18.7,1.0199
福建省,350000,2023,2025,27694,0.0289,0.0137,-0.0935,0.1704,33.25,20.33,1.0848
福建省,350000,2024,2025,27467,0.0214,0.0132,-0.0559,0.1025,25.05,11.51,1.0637
江西省,360000,2021,2022,13312,0.0238,0.0061,-0.1163,0.1768,31.27,24.22,1.0147
江西省,360000,2021,2023,14615,0.0911,0.0563,-0.1045,0.3194,51.93,18.62,1.11
江西省,360000,2021,2024,15188,0.1318,0.084,-0.1133,0.4297,58.77,17.83,1.1963
江西省,360000,2021,2025,15485,0.1528,0.1028,-0.1182,0.4958,62.09,17.73,1.2501
江西省,360000,2022,2023,14448,0.0631,0.0377,-0.062,0.204,44.19,12.42,1.0925
江西省,360000,2022,2024,15113,0.1037,0.0633,-0.0904,0.342,54.14,16.41,1.1773
江西省,360000,2022,2025,15478,0.1243,0.0832,-0.1055,0.413,59.12,17.28,1.2301
江西省,360000,2023,2024,15245,0.0362,0.0152,-0.0857,0.1793,33.47,17.94,1.0765
江西省,360000,2023,2025,15699,0.0567,0.0297,-0.1152,0.2704,42.6,21.4,1.1245
江西省,360000,2024,2025,15569,0.0213,0.0068,-0.079,0.1353,27.15,17.35,1.0447
山东省,370000,2021,2022,62307,0.0084,-0.0029,-0.0797,0.1065,21.06,19.36,1.0066
山东省,370000,2021,2023,65505,0.0306,0.0158,-0.0986,0.1778,34.31,20.69,1.0452
山东省,370000,2021,2024,66999,0.0382,0.0206,-0.1218,0.2165,38.98,24.13,1.0622
山东省,370000,2021,2025,66625,0.0327,0.0112,-0.1542,0.2385,37.91,29.79,1.0642
山东省,370000,2022,2023,64611,0.0209,0.0133,-0.0568,0.105,25.21,11.71,1.0377
山东省,370000,2022,2024,66448,0.0284,0.016,-0.0931,0.1585,33.09,19.36,1.0546
山东省,370000,2022,2025,66348,0.0229,0.0054,-0.1293,0.1868,33.11,27.49,1.0567
山东省,370000,2023,2024,66435,0.0073,-0.001,-0.0704,0.0851,18.14,16.22,1.016
山东省,370000,2023,2025,66949,0.0014,-0.0126,-0.114,0.1221,22.19,28.84,1.018
山东省,370000,2024,2025,66187,-0.0055,-0.0131,-0.0748,0.0645,13.04,19.59,1.0021
河南省,410000,2021,2022,37024,0.016,0.0038,-0.0925,0.1321,27.85,21.91,0.9989
河南省,410000,2021,2023,38686,0.0392,0.0185,-0.117,0.2088,37.74,24.08,1.043
河南省,410000,2021,2024,40291,0.0592,0.0333,-0.1318,0.2671,44.56,24.42,1.0809
河南省,410000,2021,2025,40807,0.0705,0.044,-0.1466,0.2961,48.27,25.07,1.1167
河南省,410000,2022,2023,38470,0.0209,0.008,-0.074,0.1195,25.87,16.75,1.0433
河南省,410000,2022,2024,40326,0.0402,0.019,-0.1061,0.199,37.14,21.87,1.0807
河南省,410000,2022,2025,41002,0.0508,0.0282,-0.1274,0.2381,42.27,24.09,1.1163
河南省,410000,2023,2024,39921,0.0185,0.0068,-0.0692,0.1119,24.43,15.49,1.0356
河南省,410000,2023,2025,40838,0.0293,0.0143,-0.1029,0.1654,33.4,21.78,1.0698
河南省,410000,2024,2025,40758,0.0107,0.0035,-0.0716,0.0892,19.92,15.88,1.033
湖北省,420000,2021,2022,19465,0.0468,0.0209,-0.0726,0.1886,36.31,15.01,1.0652
湖北省,420000,2021,2023,20488,0.0688,0.0373,-0.1082,0.2798,45.56,20.2,1.078
湖北省,420000,2021,2024,21841,0.1154,0.0733,-0.1099,0.3855,56.05,18.53,1.1576
湖北省,420000,2021,2025,21956,0.1346,0.0829,-0.1263,0.4515,57.98,19.34,1.1893
湖北省,420000,2022,2023,20576,0.0204,0.007,-0.0888,0.136,28.11,19.79,1.0115
湖北省,420000,2022,2024,22065,0.0652,0.0355,-0.1107,0.2724,44.89,21.23,1.0857
湖北省,420000,2022,2025,22241,0.0819,0.0442,-0.133,0.3442,48.29,22.81,1.1149
湖北省,420000,2023,2024,21839,0.0418,0.0219,-0.0694,0.1777,35.79,13.98,1.0724
湖北省,420000,2023,2025,22156,0.0597,0.0283,-0.1021,0.2591,41.7,19.84,1.1015
湖北省,420000,2024,2025,22182,0.0157,0.0006,-0.0763,0.1135,22.83,17.56,1.0269
湖南省,430000,2021,2022,14767,0.0183,0.0021,-0.0892,0.1356,26.32,21.24,1.0218
湖南省,430000,2021,2023,15449,0.0424,0.0167,-0.1124,0.2153,36.84,23.17,1.0447
湖南省,430000,2021,2024,15873,0.0649,0.0351,-0.1307,0.2772,44.81,23.15,1.0952
湖南省,430000,2021,2025,15974,0.0722,0.0399,-0.1452,0.3137,47.03,24.06,1.1164
湖南省,430000,2022,2023,15268,0.0232,0.0083,-0.0802,0.1293,26.92,17.4,1.0221
湖南省,430000,2022,2024,15803,0.0457,0.0262,-0.1115,0.2168,40.24,21.29,1.0717
湖南省,430000,2022,2025,15957,0.0528,0.0315,-0.1352,0.2552,43.21,23.81,1.0924
湖南省,430000,2023,2024,15731,0.0214,0.0108,-0.0782,0.1249,27.49,17.07,1.0481
湖南省,430000,2023,2025,15999,0.03,0.0128,-0.1121,0.1766,34.17,23.4,1.0685
湖南省,430000,2024,2025,15819,0.009,-0.0012,-0.0783,0.0982,20.3,18.32,1.0197
广东省,440000,2021,2022,60459,0.0162,0.0047,-0.0694,0.1022,22.02,15.45,1.0426
广东省,440000,2021,2023,62058,0.029,0.015,-0.0923,0.1568,32.73,19.78,1.0432
广东省,440000,2021,2024,63369,0.0412,0.025,-0.1068,0.1966,39.38,21.41,1.0772
广东省,440000,2021,2025,63641,0.059,0.0428,-0.1095,0.2314,47.16,19.72,1.141
广东省,440000,2022,2023,61375,0.0125,0.0064,-0.0641,0.092,22.19,14.44,1.0005
广东省,440000,2022,2024,62891,0.0248,0.0141,-0.0889,0.1432,31.65,19.14,1.0332
广东省,440000,2022,2025,63321,0.0432,0.0316,-0.0963,0.1829,41.36,18.44,1.0945
广东省,440000,2023,2024,62732,0.012,0.0044,-0.0642,0.0907,20.3,14.11,1.0326
广东省,440000,2023,2025,63353,0.0305,0.0199,-0.0782,0.1409,33.65,16.03,1.0939
广东省,440000,2024,2025,62957,0.0186,0.0139,-0.05,0.0852,21.58,9.99,1.0594
广西壮族自治区,450000,2021,2022,17578,0.03,-0.0059,-0.1066,0.1601,25.54,27.14,1.0433
广西壮族自治区,450000,2021,2023,18774,0.0543,0.0109,-0.1303,0.2538,36.39,27.94,1.0375
广西壮族自治区,450000,2021,2024,19460,0.0717,0.0165,-0.1636,0.3437,40.49,30.42,1.0536
广西壮族自治区,450000,2021,2025,19163,0.0627,0.0135,-0.1881,0.3386,40.17,33.28,1.0572
广西壮族自治区,450000,2022,2023,18472,0.0261,0.0086,-0.0911,0.1388,30.53,21.33,0.9947
广西壮族自治区,450000,2022,2024,19268,0.0409,0.0124,-0.1356,0.2182,36.67,27.67,1.0097
广西壮族自治区,450000,2022,2025,19144,0.0347,0.009,-0.1709,0.248,37.41,32.2,1.0139
广西壮族自治区,450000,2023,2024,19313,0.0144,-0.0027,-0.1017,0.1256,24.16,24.95,1.0146
广西壮族自治区,450000,2023,2025,19385,0.0107,-0.009,-0.1443,0.1609,26.41,32.28,1.0195
广西壮族自治区,450000,2024,2025,19169,-0.0021,-0.0089,-0.0976,0.0862,17.21,23.65,1.0052
海南省,460000,2021,2022,6607,0.0049,-0.0028,-0.1534,0.1832,29.48,29.59,1.0238
海南省,460000,2021,2023,7135,0.0399,0.03,-0.1686,0.277,44.23,26.59,1.0335
海南省,460000,2021,2024,7475,0.0714,0.0585,-0.1699,0.344,52.21,24.29,1.1025
海南省,460000,2021,2025,7650,0.0786,0.0884,-0.2233,0.3808,59.11,22.89,1.1354
海南省,460000,2022,2023,6885,0.0345,0.0253,-0.0999,0.1811,39.38,19.2,1.0092
海南省,460000,2022,2024,7321,0.0644,0.0568,-0.1286,0.2703,52.1,19.26,1.0763
海南省,460000,2022,2025,7468,0.0743,0.085,-0.1706,0.3172,59.64,19.63,1.1093
海南省,460000,2023,2024,7340,0.0284,0.02,-0.0952,0.1678,35.03,18.43,1.0654
海南省,460000,2023,2025,7525,0.0366,0.0457,-0.1431,0.234,48.05,21.1,1.0976
海南省,460000,2024,2025,7567,0.0073,0.0236,-0.1385,0.1514,35.89,21.5,1.0299
重庆市,500000,2021,2022,10221,0.0588,0.0276,-0.0532,0.1917,37.07,10.84,1.076
重庆市,500000,2021,2023,10405,0.0646,0.0278,-0.0882,0.261,40.99,18.81,1.0619
重庆市,500000,2021,2024,10562,0.071,0.0274,-0.1144,0.3078,42.15,23.05,1.0786
重庆市,500000,2021,2025,10465,0.0673,0.0196,-0.1433,0.3308,41.43,27.84,1.0978
重庆市,500000,2022,2023,10545,0.0054,-0.0068,-0.0886,0.1023,19.16,22.08,0.9868
重庆市,500000,2022,2024,10804,0.0122,-0.0126,-0.1261,0.1584,25.56,31.51,1.0023
重庆市,500000,2022,2025,10826,0.0066,-0.02,-0.1622,0.196,27.66,38.08,1.0197
重庆市,500000,2023,2024,10634,0.0062,-0.0072,-0.0886,0.0972,18.84,22.89,1.0156
重庆市,500000,2023,2025,10710,0.0023,-0.0157,-0.1379,0.1424,24.02,33.87,1.0337
重庆市,500000,2024,2025,10553,-0.0005,-0.0114,-0.0909,0.0851,16.9,23.3,1.0184
四川省,510000,2021,2022,28334,0.0719,0.0493,-0.0629,0.2257,49.76,12.53,1.0711
四川省,510000,2021,2023,28989,0.0963,0.0608,-0.0912,0.3222,53.32,16.88,1.0984
四川省,510000,2021,2024,29986,0.1228,0.0769,-0.0949,0.3952,57.72,16.76,1.1512
四川省,510000,2021,2025,29729,0.1346,0.0814,-0.1105,0.4413,57.79,18.68,1.1798
四川省,510000,2022,2023,29706,0.0207,0.0032,-0.0887,0.1405,26.17,20.47,1.0246
四川省,510000,2022,2024,30789,0.0444,0.0134,-0.1042,0.2296,35.17,22.17,1.0728
四川省,510000,2022,2025,30962,0.054,0.0125,-0.1302,0.2846,38.34,26.81,1.0993
四川省,510000,2023,2024,30264,0.0246,0.0065,-0.0728,0.1301,26.6,16.33,1.0472
四川省,510000,2023,2025,30678,0.0352,0.0054,-0.1156,0.2098,32.89,25.86,1.0734
四川省,510000,2024,2025,30629,0.0106,-0.004,-0.0946,0.1161,22.09,23.04,1.025
贵州省,520000,2021,2022,12224,-0.0007,-0.0171,-0.151,0.1434,25.34,34.83,0.9391
贵州省,520000,2021,2023,12507,0.0004,-0.0161,-0.1932,0.2022,30.44,38.35,0.94
贵州省,520000,2021,2024,12983,0.0239,-0.0023,-0.2222,0.2798,37.01,36.6,0.9754
贵州省,520000,2021,2025,12890,0.0184,-0.0079,-0.2546,0.3148,37.26,39.85,0.9864
贵州省,520000,2022,2023,12300,0.0015,-0.0023,-0.1152,0.1218,25.98,26.44,1.0009
贵州省,520000,2022,2024,12904,0.0231,0.0115,-0.1609,0.209,36.81,29.77,1.0379
贵州省,520000,2022,2025,12896,0.0182,0.0043,-0.2046,0.2542,37.75,34.94,1.0499
贵州省,520000,2023,2024,12531,0.0204,0.0086,-0.1002,0.1381,30.19,22.32,1.0369
贵州省,520000,2023,2025,12641,0.0191,0.0008,-0.1504,0.2042,33.19,31.57,1.0498
贵州省,520000,2024,2025,12604,0.0006,-0.0113,-0.118,0.1272,22.9,30.02,1.0129
云南省,530000,2021,2022,14720,0.0294,-0.0002,-0.1289,0.1982,30.62,27.81,1.0173
云南省,530000,2021,2023,15729,0.063,0.018,-0.1569,0.3009,40.38,28.28,1.0266
云南省,530000,2021,2024,16471,0.0976,0.0358,-0.1805,0.4165,46.35,28.52,1.071
云南省,530000,2021,2025,16333,0.0823,0.023,-0.2353,0.4427,44.47,33.78,1.0442
云南省,530000,2022,2023,15483,0.0304,0.0107,-0.105,0.1635,32.63,22.45,1.0085
云南省,530000,2022,2024,16406,0.0673,0.0268,-0.1475,0.2874,42.87,26.6,1.0523
云南省,530000,2022,2025,16365,0.0528,0.0158,-0.2137,0.3382,41.07,33.58,1.0262
云南省,530000,2023,2024,16274,0.0318,0.0058,-0.0992,0.1564,28.69,21.57,1.0425
云南省,530000,2023,2025,16471,0.0195,-0.0094,-0.1756,0.2256,31.29,34.47,1.017
云南省,530000,2024,2025,16367,-0.0086,-0.0195,-0.1344,0.1149,20.32,32.57,0.9762
西藏自治区,540000,2021,2022,1912,0.0914,0.0289,-0.1441,0.3672,43.04,25.16,1.0362
西藏自治区,540000,2021,2023,2059,0.1418,0.0763,-0.1628,0.515,55.27,22.83,1.1074
西藏自治区,540000,2021,2024,2361,0.2591,0.1717,-0.1156,0.8466,69.42,16.52,1.2804
西藏自治区,540000,2021,2025,2552,0.3598,0.242,-0.0866,1.2039,78.45,11.99,1.5816
西藏自治区,540000,2022,2023,2045,0.0465,0.033,-0.1173,0.2263,42.35,22.49,1.067
西藏自治区,540000,2022,2024,2367,0.1605,0.1144,-0.1134,0.4999,65.57,16.98,1.2308
西藏自治区,540000,2022,2025,2571,0.2653,0.1816,-0.1063,0.7517,74.48,14.04,1.5201
西藏自治区,540000,2023,2024,2329,0.106,0.0663,-0.0719,0.3262,56.29,13.01,1.1513
西藏自治区,540000,2023,2025,2554,0.2132,0.1249,-0.087,0.5963,70.56,13.35,1.4218
西藏自治区,540000,2024,2025,2574,0.0949,0.0467,-0.0907,0.3303,48.91,16.47,1.2318
陕西省,610000,2021,2022,18718,0.046,0.0351,-0.071,0.1732,42.53,13.9,1.0499
陕西省,610000,2021,2023,19443,0.0679,0.0453,-0.1048,0.2622,48.25,17.91,1.1033
陕西省,610000,2021,2024,19935,0.0835,0.0585,-0.125,0.3181,52.56,20.33,1.1254
陕西省,610000,2021,2025,20126,0.0907,0.0632,-0.1472,0.3587,53.9,22.12,1.162
陕西省,610000,2022,2023,19631,0.018,0.0065,-0.0874,0.1341,27.11,18.92,1.0499
陕西省,610000,2022,2024,20309,0.0321,0.0121,-0.1248,0.2068,35.35,24.89,1.0705
陕西省,610000,2022,2025,20582,0.038,0.0167,-0.1576,0.2509,38.83,27.81,1.1049
陕西省,610000,2023,2024,19914,0.0128,0.0038,-0.0828,0.1122,22.86,19.05,1.0196
陕西省,610000,2023,2025,20395,0.0199,0.007,-0.1293,0.178,31.08,26.58,1.0525
陕西省,610000,2024,2025,20010,0.0081,-0.0007,-0.085,0.1003,20.12,19.3,1.0326
甘肃省,620000,2021,2022,9013,0.0539,0.0245,-0.1085,0.2636,40.13,20.65,1.0291
甘肃省,620000,2021,2023,9459,0.1003,0.0517,-0.1345,0.402,50.48,21.19,1.1194
甘肃省,620000,2021,2024,9822,0.124,0.06,-0.1707,0.5369,51.91,25.69,1.1176
甘肃省,620000,2021,2025,9897,0.1346,0.0763,-0.2025,0.5811,55.06,26.05,1.1773
甘肃省,620000,2022,2023,9447,0.038,0.0183,-0.1028,0.1952,35.56,19.76,1.0858
甘肃省,620000,2022,2024,9955,0.0588,0.0173,-0.1585,0.3238,40.36,28.96,1.0832
甘肃省,620000,2022,2025,10136,0.0686,0.0316,-0.21,0.3918,45.31,30.62,1.1405
甘肃省,620000,2023,2024,9677,0.0208,-0.008,-0.1197,0.1696,25.49,28.61,0.9978
甘肃省,620000,2023,2025,9974,0.0323,-0.0008,-0.186,0.2801,34.37,34.05,1.0509
甘肃省,620000,2024,2025,9842,0.0142,0.0014,-0.1258,0.1492,27.1,26.16,1.0539
青海省,630000,2021,2022,3043,0.0314,0.0136,-0.139,0.2166,35.23,25.17,1.0095
青海省,630000,2021,2023,3168,0.0549,0.029,-0.1808,0.3508,44.16,26.89,1.0501
青海省,630000,2021,2024,3397,0.1104,0.0576,-0.1905,0.5339,51.75,24.85,1.1011
青海省,630000,2021,2025,3468,0.1396,0.0696,-0.217,0.6657,54.82,25.32,1.137
青海省,630000,2022,2023,3146,0.023,0.0031,-0.1137,0.1952,31.44,25.59,1.0399
青海省,630000,2022,2024,3395,0.0768,0.0213,-0.1472,0.3634,42.42,26.69,1.0897
青海省,630000,2022,2025,3514,0.1047,0.0392,-0.1856,0.4948,47.3,29.2,1.125
青海省,630000,2023,2024,3298,0.0499,0.0183,-0.0993,0.2192,35.02,20.92,1.0471
青海省,630000,2023,2025,3459,0.0778,0.0316,-0.1756,0.3551,44.12,27.55,1.0813
青海省,630000,2024,2025,3418,0.0267,0.0041,-0.1256,0.1653,28.32,25.51,1.0324
宁夏回族自治区,640000,2021,2022,5668,0.0698,0.0373,-0.0603,0.2345,44.09,12.26,1.0807
宁夏回族自治区,640000,2021,2023,6155,0.1283,0.0806,-0.0725,0.3824,59.63,13.76,1.2067
宁夏回族自治区,640000,2021,2024,6245,0.1286,0.0797,-0.1307,0.4244,57.47,20.27,1.1888
宁夏回族自治区,640000,2021,2025,6234,0.1299,0.0802,-0.1781,0.4817,56.85,23.72,1.1915
宁夏回族自治区,640000,2022,2023,6185,0.0487,0.0307,-0.0576,0.1656,38.56,11.71,1.1138
宁夏回族自治区,640000,2022,2024,6339,0.0488,0.0284,-0.132,0.228,41.44,24.86,1.0972
宁夏回族自治区,640000,2022,2025,6387,0.0483,0.0265,-0.1927,0.2869,43.13,30.52,1.0994
宁夏回族自治区,640000,2023,2024,6371,-0.0017,-0.0091,-0.1129,0.1015,20.44,28.08,0.9847
宁夏回族自治区,640000,2023,2025,6474,-0.0014,-0.0158,-0.1847,0.1633,26.95,37.12,0.9867
宁夏回族自治区,640000,2024,2025,6274,0.0017,-0.0098,-0.1086,0.1045,19.75,26.6,1.0026
新疆维吾尔自治区,650000,2021,2022,22688,0.0195,0.0071,-0.2175,0.2881,35.76,29.07,1.0036
新疆维吾尔自治区,650000,2021,2023,24291,0.0534,0.0343,-0.2789,0.4264,45.83,28.71,1.0413
新疆维吾尔自治区,650000,2021,2024,25829,0.071,0.065,-0.379,0.6229,53.3,28.42,1.0958
新疆维吾尔自治区,650000,2021,2025,27286,0.1201,0.1024,-0.3709,0.7795,58.89,26.88,1.1534
新疆维吾尔自治区,650000,2022,2023,23193,0.0365,0.018,-0.1354,0.2276,36.49,22.88,1.0372
新疆维吾尔自治区,650000,2022,2024,25014,0.0656,0.0423,-0.2298,0.4474,47.97,27.0,1.0924
新疆维吾尔自治区,650000,2022,2025,26559,0.1154,0.0742,-0.2431,0.5981,55.29,26.29,1.1495
新疆维吾尔自治区,650000,2023,2024,24494,0.0345,0.0188,-0.1506,0.2491,37.59,23.66,1.053
新疆维吾尔自治区,650000,2023,2025,26250,0.0826,0.0457,-0.1961,0.4153,48.82,26.1,1.1074
新疆维吾尔自治区,650000,2024,2025,25546,0.0468,0.018,-0.1277,0.2297,36.4,23.45,1.0513
台湾省,710000,2021,2022,19747,-0.0044,-0.004,-0.0473,0.0367,6.15,9.08,0.9953
台湾省,710000,2021,2023,20047,0.0125,0.0107,-0.0428,0.0682,16.86,8.22,1.0056
台湾省,710000,2021,2024,20002,0.0121,0.0092,-0.0548,0.0795,20.17,11.18,1.0255
台湾省,710000,2021,2025,19915,0.0176,0.0156,-0.064,0.0956,26.17,13.46,1.064
台湾省,710000,2022,2023,19993,0.0169,0.0135,-0.029,0.0661,17.14,4.44,1.0104
台湾省,710000,2022,2024,19937,0.0163,0.0131,-0.0379,0.0721,18.71,6.74,1.0303
台湾省,710000,2022,2025,19826,0.0221,0.0188,-0.0439,0.0863,25.28,8.42,1.069
台湾省,710000,2023,2024,20071,-0.0006,-0.002,-0.0402,0.0397,6.77,6.05,1.0197
台湾省,710000,2023,2025,20052,0.005,0.0041,-0.0547,0.0627,14.68,11.65,1.058
台湾省,710000,2024,2025,19904,0.0059,0.0058,-0.0357,0.0445,7.86,5.66,1.0376
香港特别行政区,810000,2021,2022,1342,-0.0096,-0.01,-0.0556,0.0299,4.32,12.3,1.0153
香港特别行政区,810000,2021,2023,1342,-0.0213,-0.0229,-0.0679,0.0238,3.65,19.9,0.952
香港特别行政区,810000,2021,2024,1348,-0.0233,-0.0264,-0.0757,0.0355,5.64,27.37,0.9298
香港特别行政区,810000,2021,2025,1341,-0.0218,-0.026,-0.078,0.0337,7.01,27.96,0.9586
香港特别行政区,810000,2022,2023,1333,-0.0118,-0.0137,-0.0539,0.0353,5.03,11.55,0.9377
香港特别行政区,810000,2022,2024,1342,-0.0138,-0.015,-0.0688,0.0458,8.57,20.57,0.9158
香港特别行政区,810000,2022,2025,1332,-0.012,-0.0141,-0.0654,0.0416,8.18,18.62,0.9441
香港特别行政区,810000,2023,2024,1343,-0.002,-0.0051,-0.0417,0.0461,8.04,6.48,0.9766
香港特别行政区,810000,2023,2025,1334,-0.0002,-0.0026,-0.0449,0.0458,7.8,8.55,1.0069
香港特别行政区,810000,2024,2025,1342,0.0018,0.0014,-0.04,0.0417,6.78,6.11,1.0309
澳门特别行政区,820000,2021,2022,56,-0.0147,-0.0163,-0.0672,0.0448,7.14,17.86,0.9745
澳门特别行政区,820000,2021,2023,56,-0.0251,-0.0248,-0.0862,0.0586,12.5,39.29,0.953
澳门特别行政区,820000,2021,2024,56,0.0083,-0.0272,-0.1046,0.1056,33.93,33.93,1.0086
澳门特别行政区,820000,2021,2025,56,0.0551,0.0006,-0.0728,0.2169,35.71,19.64,1.1053
澳门特别行政区,820000,2022,2023,56,-0.0104,-0.0106,-0.0529,0.0378,8.93,12.5,0.9779
澳门特别行政区,820000,2022,2024,56,0.023,0.0009,-0.0779,0.118,30.36,17.86,1.0349
澳门特别行政区,820000,2022,2025,56,0.0698,0.026,-0.0431,0.2293,37.5,3.57,1.1342
澳门特别行政区,820000,2023,2024,56,0.0334,0.0152,-0.0582,0.1141,25.0,14.29,1.0583
澳门特别行政区,820000,2023,2025,56,0.0802,0.0332,-0.0122,0.2691,41.07,3.57,1.1599
澳门特别行政区,820000,2024,2025,56,0.0468,0.0348,-0.0027,0.1113,33.93,0.0,1.0959
